feed_flow_m3_h,feed_temp_C,reflux_ratio_LD,reboiler_steam_t_h,top_pressure_bar_a,top_temp_C,bottoms_temp_C,purity_lab_pct_vv
12.0,86.61,2.55,2.72,1.152,78.11,102.19,94.34
12.18,87.31,3.37,2.14,1.171,78.34,102.23,94.59
11.84,87.02,3.67,2.42,1.201,78.58,103.0,94.94
11.47,83.54,3.03,2.21,1.144,78.14,102.04,94.88
11.73,88.2,2.85,2.15,1.148,78.18,101.67,94.06
11.41,84.27,3.52,2.29,1.171,78.38,102.92,95.18
12.04,83.5,2.57,2.28,1.157,78.0,102.24,94.51
12.8,84.66,3.68,2.65,1.205,78.45,103.36,95.22
11.7,85.76,2.37,2.25,1.154,77.96,101.48,93.88
11.63,87.57,2.95,1.53,1.135,77.88,101.08,93.37
12.29,87.37,2.36,2.49,1.14,78.04,101.41,93.68
12.21,85.95,2.7,1.88,1.139,77.95,101.57,93.92
12.06,88.05,2.64,1.6,1.13,77.75,101.17,93.13
11.44,86.18,3.3,2.16,1.164,78.3,102.15,94.6
11.98,87.97,3.32,2.97,1.176,78.42,103.31,94.74
12.42,82.91,3.12,2.12,1.171,78.08,101.9,95.14
11.19,82.54,2.42,2.67,1.148,78.22,102.39,94.91
11.73,87.71,3.28,2.91,1.189,78.54,103.21,94.86
10.86,82.94,2.42,1.58,1.126,77.89,100.9,93.94
11.23,85.34,3.61,2.59,1.171,78.48,103.57,95.34
10.89,85.78,2.35,2.78,1.156,78.1,101.54,94.47
11.86,84.93,2.29,2.64,1.151,78.18,101.97,94.3
11.24,85.0,3.09,2.79,1.172,78.38,102.92,95.04
12.16,89.06,2.35,3.14,1.174,78.27,102.43,93.85
12.09,80.43,3.43,2.06,1.158,78.17,102.37,95.48
11.89,87.94,3.77,2.61,1.211,78.56,103.64,94.85
10.49,91.05,3.35,2.69,1.189,78.24,102.84,94.31
11.68,86.05,2.53,3.04,1.158,78.34,102.41,94.72
11.97,85.96,3.23,1.9,1.129,77.96,102.41,94.38
12.07,87.6,2.8,1.76,1.151,78.02,101.64,93.86
11.08,90.02,2.89,3.28,1.186,78.37,103.34,94.47
11.71,83.39,2.81,2.21,1.152,78.16,102.11,94.81
11.41,86.19,3.48,1.65,1.143,78.31,101.97,94.25
11.51,85.59,2.39,2.84,1.144,78.17,102.14,94.18
12.64,87.23,2.41,2.6,1.134,78.02,101.91,94.21
11.52,86.35,3.51,2.51,1.202,78.57,103.04,95.03
11.98,87.45,2.33,1.87,1.146,77.81,100.92,93.42
12.53,85.07,3.06,3.22,1.18,78.43,102.93,95.01
11.65,86.11,3.25,2.75,1.196,78.52,102.94,95.28
11.93,84.53,3.15,2.09,1.138,77.94,102.19,94.75
12.07,84.54,3.17,1.52,1.148,77.86,101.45,94.04
12.04,85.69,2.86,2.96,1.181,78.27,102.99,95.03
11.26,85.69,2.53,2.67,1.149,78.12,102.22,94.53
12.05,83.42,3.35,1.78,1.148,77.96,102.21,94.62
12.82,89.45,3.57,1.94,1.152,78.31,102.41,94.05
11.07,85.7,3.74,2.12,1.172,78.43,102.71,94.8
12.52,82.96,3.18,3.21,1.201,78.55,103.57,95.67
12.07,88.42,3.51,2.37,1.183,78.34,103.03,94.56
11.62,84.35,2.51,2.61,1.159,78.02,101.95,94.81
13.2,87.12,3.14,1.62,1.154,78.04,101.35,93.59
12.46,85.96,2.81,3.16,1.16,78.37,103.33,94.99
11.28,86.55,3.04,1.83,1.166,78.09,101.58,94.16
12.04,86.38,3.23,2.32,1.164,78.35,102.55,94.91
12.35,84.73,3.66,2.38,1.164,78.42,102.86,95.11
11.89,86.09,2.24,1.79,1.122,77.62,100.91,93.58
12.41,90.47,2.48,3.21,1.165,78.27,103.07,93.92
11.96,81.08,2.77,2.13,1.149,78.17,102.2,95.19
12.4,86.15,3.76,1.87,1.168,78.3,102.17,94.43
12.86,86.96,3.2,3.21,1.165,78.67,103.09,95.0
11.59,83.69,3.66,1.79,1.173,78.04,101.47,94.88
12.12,82.99,2.95,1.95,1.165,78.05,101.91,94.67
11.72,90.75,3.32,1.94,1.146,78.15,102.51,93.61
12.08,85.18,2.48,1.99,1.152,77.8,101.39,93.96
11.29,90.57,2.41,2.79,1.17,78.13,102.1,93.84
11.65,87.18,2.65,2.22,1.158,78.13,101.96,94.14
11.88,86.17,2.64,2.18,1.163,78.09,101.48,94.33
12.54,87.05,2.69,2.14,1.132,78.0,101.86,94.09
12.69,87.4,3.33,1.81,1.16,78.15,102.32,94.08
11.21,88.6,3.3,2.13,1.151,78.32,102.62,94.3
11.52,86.96,2.35,1.72,1.15,77.71,101.05,93.26
12.39,86.32,3.64,1.58,1.144,78.16,101.9,94.16
10.8,86.39,2.64,3.05,1.158,78.42,102.63,94.72
11.72,88.97,2.33,1.88,1.141,77.79,100.82,93.18
11.94,87.8,2.63,3.0,1.175,78.42,103.1,94.26
12.75,83.8,2.39,3.2,1.169,78.3,102.92,94.83
12.41,84.6,2.39,2.52,1.151,78.17,101.82,94.37
11.8,86.73,3.44,2.51,1.181,78.47,102.87,94.83
11.78,84.63,3.01,2.29,1.176,78.21,102.26,94.96
11.85,85.17,2.6,3.29,1.169,78.38,102.77,94.76
12.91,83.9,2.85,2.65,1.159,78.21,102.58,95.0
11.74,85.42,3.13,3.23,1.182,78.56,103.53,95.28
11.82,86.93,2.59,1.78,1.133,77.91,101.3,93.75
12.21,88.19,3.64,2.42,1.178,78.54,103.0,94.59
11.93,86.02,3.23,2.63,1.16,78.36,102.19,94.99
11.88,90.56,3.45,3.01,1.192,78.6,103.43,94.51
11.33,85.83,3.32,1.51,1.132,78.15,101.28,93.83
11.99,93.03,3.54,1.58,1.149,78.13,101.51,92.73
11.73,88.2,3.57,1.5,1.148,78.13,102.42,93.43
12.7,87.09,3.44,2.65,1.177,78.57,102.93,94.92
12.39,84.9,2.24,2.86,1.17,78.16,102.03,94.38
11.99,79.79,3.13,1.72,1.162,78.06,101.59,94.95
12.4,85.66,3.6,2.56,1.191,78.52,102.91,95.05
11.8,86.39,2.94,3.2,1.198,78.47,103.57,94.89
12.63,90.23,2.53,1.82,1.13,77.79,100.71,93.01
12.0,82.96,3.63,1.79,1.174,78.09,102.37,94.89
12.35,90.19,3.51,1.88,1.159,78.18,102.09,94.01
11.23,85.45,3.5,2.23,1.171,78.41,102.95,94.88
12.21,87.59,3.19,2.59,1.174,78.43,102.94,94.67
10.99,80.41,2.83,2.43,1.145,78.32,102.2,95.47
10.78,86.31,3.24,1.75,1.143,78.15,101.44,94.14
11.82,85.24,2.53,1.91,1.134,77.86,101.47,93.91
11.46,87.5,2.83,2.89,1.174,78.22,102.95,94.58
12.1,86.2,3.03,2.07,1.151,78.08,102.12,94.35
13.35,83.49,3.43,1.85,1.148,78.15,102.05,94.79
11.5,88.08,3.33,2.86,1.171,78.42,103.34,94.82
11.63,87.53,2.36,2.53,1.149,78.15,101.62,93.89
12.12,87.31,3.15,3.25,1.177,78.5,103.5,95.1
12.3,88.22,2.68,2.33,1.139,78.15,102.0,93.91
11.89,88.42,3.7,1.73,1.159,78.27,102.21,94.01
11.88,85.95,3.64,2.16,1.172,78.2,102.44,95.05
12.42,83.01,2.75,3.29,1.172,78.42,103.03,95.24
12.31,82.95,2.82,1.95,1.126,78.12,101.4,94.78
11.38,88.97,2.53,2.75,1.162,78.27,101.95,94.2
11.95,87.56,3.22,1.93,1.162,78.14,102.26,94.2
12.02,86.22,2.99,2.02,1.146,78.0,101.83,94.14
11.37,85.04,3.54,2.14,1.164,78.24,102.44,95.1
12.16,86.07,3.19,3.14,1.163,78.54,103.23,95.11
11.49,86.05,2.58,3.21,1.183,78.48,102.93,94.65
12.58,85.26,2.98,2.65,1.157,78.34,102.5,95.04
12.12,84.46,2.64,2.75,1.169,78.23,102.17,94.77
12.05,90.76,3.36,2.57,1.169,78.41,102.94,94.33
11.65,86.5,3.58,2.35,1.173,78.44,102.88,94.82
11.93,84.67,2.22,3.14,1.161,78.1,102.16,94.55
10.8,83.14,3.11,2.61,1.152,78.25,102.4,95.29
11.32,84.4,3.16,1.57,1.17,77.99,101.85,94.15
12.22,87.58,2.66,1.66,1.117,77.97,101.05,93.32
10.72,87.67,3.24,3.04,1.186,78.6,103.59,94.84
12.51,85.52,3.26,2.96,1.175,78.43,103.37,95.18
10.95,86.11,2.73,1.56,1.129,77.86,101.06,93.6
12.45,85.33,2.86,1.8,1.155,77.92,101.42,94.13
11.49,83.56,2.69,1.93,1.122,77.94,101.86,94.59
12.47,88.86,2.49,2.74,1.157,78.2,102.02,93.96
12.08,86.82,3.16,2.98,1.186,78.44,103.04,94.73
11.08,91.45,3.77,1.93,1.168,78.25,102.36,93.77
12.75,84.34,3.1,3.25,1.191,78.45,103.35,95.33
12.87,85.7,3.02,1.55,1.131,77.81,101.13,93.89
11.96,87.94,2.4,2.06,1.121,77.91,101.35,93.7
11.84,85.46,3.31,2.52,1.159,78.38,102.46,95.14
11.9,82.95,3.29,1.53,1.14,78.07,101.75,94.38
11.41,83.91,2.6,2.5,1.161,78.07,102.1,94.87
12.66,86.22,3.25,2.28,1.165,78.2,102.48,94.54
11.67,86.76,2.55,2.06,1.157,78.07,101.31,94.08
11.97,85.79,3.42,2.79,1.183,78.52,103.5,95.2
11.52,88.21,2.6,3.21,1.176,78.45,103.33,94.43
11.62,88.18,2.27,1.92,1.132,77.8,100.99,93.23
11.23,86.71,2.9,2.95,1.157,78.32,102.65,94.82
12.75,86.06,3.1,2.72,1.178,78.27,102.94,94.82
11.91,85.44,3.72,2.16,1.161,78.44,102.72,94.99
12.58,87.21,2.49,2.24,1.14,77.92,101.64,93.79
12.01,88.02,3.1,1.74,1.169,77.89,101.82,93.89
11.58,86.13,2.26,2.81,1.142,78.08,101.69,94.27
11.8,86.99,2.8,2.32,1.155,78.24,102.2,94.56
11.66,85.29,2.77,3.21,1.181,78.43,102.75,94.98
12.0,82.89,3.32,1.77,1.153,78.12,101.6,94.74
11.77,83.8,2.92,1.51,1.134,77.9,101.11,94.03
11.82,87.68,2.85,2.44,1.153,78.19,102.57,94.36
11.17,86.98,3.48,2.1,1.184,78.25,102.29,94.57
11.52,89.5,3.24,2.69,1.155,78.28,103.01,94.35
12.99,86.12,3.04,2.6,1.158,78.44,102.36,94.66
11.6,87.9,2.94,2.6,1.18,78.26,102.63,94.43
11.37,88.91,2.94,3.14,1.186,78.55,103.18,94.5
12.2,88.19,2.38,3.06,1.157,78.14,102.72,93.96
12.84,84.66,3.39,1.52,1.137,78.09,101.75,93.98
11.13,85.59,3.35,2.15,1.16,78.15,102.39,94.78
11.87,86.29,3.01,2.43,1.189,78.14,101.9,94.76
11.62,83.83,3.38,2.38,1.175,78.35,102.74,95.23
10.94,87.04,3.22,1.89,1.142,78.2,102.15,94.32
12.44,88.25,2.31,2.7,1.155,78.23,102.01,93.96
11.99,84.94,3.78,1.64,1.153,78.31,102.28,94.5
12.04,90.34,3.66,2.19,1.187,78.33,102.88,94.11
11.55,85.36,3.25,1.98,1.158,78.22,102.29,94.56
12.27,85.55,3.31,2.28,1.178,78.23,102.27,94.65
11.68,85.48,3.47,2.0,1.163,78.19,102.31,94.63
11.91,84.44,2.73,2.63,1.181,78.24,102.4,94.93
11.34,86.92,2.37,3.26,1.174,78.32,102.71,94.25
11.27,86.04,3.17,3.25,1.192,78.63,103.23,95.3
12.8,89.66,2.48,2.78,1.149,78.05,101.73,93.98
11.7,87.34,2.52,1.65,1.124,77.91,101.04,93.29
12.18,87.18,2.91,2.35,1.161,78.13,102.34,94.5
11.98,85.51,3.09,2.34,1.157,78.35,102.75,94.65
11.74,82.89,2.51,2.73,1.183,78.28,102.3,94.88
11.7,85.8,2.63,2.02,1.141,77.89,101.28,94.1
12.38,84.13,3.45,2.73,1.174,78.47,103.25,95.39
11.82,88.09,3.36,3.16,1.201,78.65,103.52,94.86
11.91,85.93,3.56,1.9,1.156,78.16,102.14,94.45
12.01,89.66,3.76,2.44,1.185,78.41,102.77,94.67
12.71,87.62,3.09,2.0,1.151,78.09,101.5,94.15
12.41,87.84,2.82,2.5,1.152,78.26,102.07,94.35
12.23,86.51,2.25,2.8,1.168,78.21,101.9,94.18
11.66,86.46,2.76,2.75,1.166,78.24,102.48,94.67
11.17,87.44,3.37,2.61,1.187,78.48,102.94,94.81
12.57,88.03,2.32,2.51,1.144,78.17,101.8,93.74
12.58,84.44,2.77,2.79,1.152,78.36,102.99,94.78
11.92,87.08,3.34,2.4,1.157,78.27,102.64,94.87
12.33,91.77,3.37,1.76,1.147,78.05,102.29,93.24
12.47,85.8,2.85,3.18,1.177,78.47,102.86,94.75
12.5,85.44,3.1,1.89,1.15,78.15,101.65,94.28
12.55,84.48,3.07,3.03,1.186,78.49,102.97,95.07
11.73,82.81,3.28,3.0,1.173,78.48,102.84,95.86
12.91,88.62,2.26,3.25,1.169,78.21,102.93,93.91
11.25,86.13,3.68,2.41,1.166,78.53,103.07,95.17
12.52,86.66,3.68,1.83,1.155,78.22,102.52,94.49
12.3,90.06,2.78,1.8,1.165,78.1,101.83,93.37
12.52,91.52,3.27,3.15,1.202,78.47,103.56,94.31
13.13,84.05,3.69,1.64,1.154,78.15,102.55,94.41
12.89,88.32,3.43,2.51,1.193,78.34,102.29,94.56
11.31,87.37,2.55,3.11,1.184,78.48,102.98,94.39
10.99,86.88,3.05,1.58,1.148,78.06,101.49,93.75
12.49,87.06,2.8,2.73,1.18,78.24,102.35,94.47
11.39,85.95,3.56,1.86,1.158,78.06,102.53,94.64
11.99,89.5,3.15,1.66,1.143,78.11,101.61,93.54
12.5,87.36,3.66,1.52,1.144,78.13,101.79,93.77
11.01,86.76,3.75,2.52,1.189,78.4,102.73,94.86
10.73,88.75,3.4,2.7,1.167,78.33,103.51,94.77
12.16,87.98,3.01,2.29,1.153,78.22,101.55,94.39
12.03,87.02,2.53,2.02,1.144,77.94,101.41,93.82
11.85,86.73,2.35,1.98,1.128,77.9,101.56,93.53
12.02,89.87,3.25,2.49,1.173,78.36,102.83,94.32
11.48,87.13,3.11,2.45,1.184,78.25,102.32,94.75
11.09,85.81,2.62,2.5,1.145,78.12,101.98,94.35
11.9,84.12,3.75,1.98,1.182,78.36,102.44,95.04
11.42,85.25,3.32,2.67,1.17,78.4,103.0,94.99
11.01,83.7,3.27,2.5,1.161,78.32,102.68,95.34
12.3,86.24,3.39,2.18,1.167,78.32,102.12,94.86
11.96,86.57,3.7,2.52,1.192,78.32,102.79,95.01
12.24,81.49,2.74,2.65,1.155,78.33,102.61,95.4
11.41,86.05,3.3,3.15,1.182,78.61,103.16,95.17
11.61,87.43,3.22,2.44,1.163,78.24,102.3,94.64
11.4,86.37,2.76,2.27,1.144,78.09,102.49,94.64
11.47,83.91,2.66,2.62,1.161,78.29,102.0,95.06
12.12,88.8,3.58,2.57,1.173,78.5,102.76,94.59
11.53,84.47,2.52,1.57,1.124,77.66,100.63,93.63
12.21,83.3,3.6,2.03,1.169,78.2,102.69,95.1
12.2,83.63,3.3,3.2,1.187,78.6,103.35,95.78
13.22,85.97,3.7,2.5,1.193,78.61,103.1,95.04
11.16,88.17,3.66,2.22,1.166,78.43,102.2,94.68
12.53,88.57,3.7,2.72,1.18,78.53,103.24,94.72
11.95,86.47,2.33,2.96,1.181,78.26,102.27,94.15
11.99,83.38,2.46,3.29,1.188,78.37,102.79,95.14
11.13,84.56,2.28,2.86,1.157,78.14,102.47,94.53
11.72,84.03,2.44,2.47,1.158,78.11,101.95,94.52
12.45,85.61,2.8,3.08,1.178,78.22,102.15,94.81
11.95,82.1,2.64,2.8,1.158,78.33,101.98,95.18
12.05,86.25,3.7,1.62,1.164,78.21,101.9,94.09
11.83,87.42,3.34,1.65,1.152,78.04,101.72,93.73
12.69,85.68,3.45,3.04,1.203,78.51,103.51,95.35
11.99,87.02,2.42,3.09,1.148,78.19,102.66,94.38
10.68,83.94,2.9,2.06,1.157,78.1,101.39,94.84
11.58,82.8,3.74,2.19,1.175,78.39,102.27,95.37
10.82,84.6,2.54,2.09,1.134,77.99,101.67,94.39
10.05,88.55,2.93,2.39,1.155,78.34,101.96,94.35
11.68,88.27,3.16,3.01,1.178,78.31,102.57,94.84
12.8,85.0,2.21,2.93,1.143,78.11,101.87,94.41
12.03,88.65,3.76,2.23,1.169,78.34,102.76,94.52
11.3,85.29,2.9,3.22,1.19,78.55,102.84,95.04
11.44,89.33,2.85,2.18,1.136,78.09,101.6,93.8
12.68,87.06,3.57,2.35,1.17,78.31,103.08,94.66
12.09,85.01,3.24,2.02,1.133,78.18,101.82,94.6
12.03,87.75,3.29,2.16,1.156,78.26,102.39,94.34
11.97,84.3,3.45,2.39,1.176,78.49,102.8,95.07
12.02,83.94,3.67,2.49,1.18,78.48,102.99,95.56
12.48,82.81,3.57,2.29,1.173,78.33,103.35,95.41
12.33,86.57,3.27,1.98,1.145,78.12,101.76,94.18
12.13,85.88,3.14,2.69,1.179,78.3,103.42,94.84
11.37,85.83,2.51,2.48,1.142,78.14,101.65,94.26
12.31,85.1,3.67,1.86,1.172,78.31,102.3,94.67
11.59,89.16,2.98,3.01,1.18,78.41,103.05,94.58
12.66,85.07,2.88,1.55,1.131,77.89,101.48,93.71
11.24,84.41,3.04,2.33,1.175,78.32,102.44,95.03
11.92,88.74,3.68,2.7,1.182,78.54,103.25,94.71
12.0,89.13,3.44,2.16,1.176,78.32,102.39,94.36
11.21,86.75,2.35,2.69,1.154,78.04,102.26,94.33
13.03,82.17,3.65,2.67,1.185,78.47,103.65,95.74
12.88,84.68,3.75,1.97,1.178,78.14,102.44,94.9
11.72,87.35,3.14,2.46,1.171,78.18,102.82,94.62
12.46,86.04,2.67,2.91,1.167,78.33,102.69,94.62
12.23,89.42,2.89,2.67,1.165,78.38,102.56,94.1
10.43,82.99,3.45,2.81,1.186,78.48,102.95,95.73
12.15,87.49,2.36,1.6,1.124,77.66,100.42,93.03
11.96,84.62,3.51,2.67,1.178,78.48,103.24,95.29
12.05,88.91,2.44,1.73,1.118,77.92,100.27,93.08
11.35,85.83,3.0,1.82,1.119,78.01,101.51,94.19
11.84,88.27,3.69,1.9,1.163,78.34,102.54,94.11
11.89,84.58,3.71,2.79,1.187,78.57,103.05,95.4
12.71,82.9,3.09,2.71,1.184,78.26,103.15,95.5
12.2,83.56,3.31,2.01,1.163,78.12,102.59,94.9
12.0,84.67,2.98,1.62,1.15,77.93,101.12,94.22
12.92,83.75,2.28,3.2,1.183,78.46,102.45,94.55
11.67,88.64,3.56,2.86,1.187,78.6,103.36,94.65
11.77,88.95,2.37,2.62,1.143,78.09,101.78,93.82
10.91,86.6,3.34,2.27,1.174,78.31,102.39,94.83
12.94,83.72,2.8,2.81,1.162,78.32,102.69,95.02
12.58,85.74,2.22,2.35,1.138,77.94,101.86,93.99
12.55,84.49,2.61,2.3,1.163,78.07,101.81,94.63
12.4,89.2,3.08,2.26,1.165,78.18,102.25,94.22
12.07,86.7,3.42,2.93,1.197,78.59,103.37,95.04
12.13,87.08,3.0,1.99,1.136,78.21,101.66,94.16
11.85,85.12,3.51,1.71,1.155,78.25,102.18,94.24
11.88,81.58,3.15,2.64,1.183,78.33,102.61,95.64
12.03,84.3,2.37,1.87,1.118,77.9,100.81,93.96
12.91,83.54,3.28,3.04,1.188,78.47,103.49,95.63
12.33,86.81,2.83,2.46,1.163,78.11,101.72,94.33
11.96,86.21,3.33,2.55,1.151,78.38,102.68,94.85
11.65,84.24,2.94,2.65,1.183,78.34,102.43,95.0
11.62,85.15,3.34,2.94,1.178,78.51,103.23,95.38
12.96,89.45,3.1,2.69,1.17,78.42,102.35,94.06
12.3,83.89,2.51,1.79,1.149,77.94,100.87,93.93
12.04,83.98,3.5,1.9,1.142,78.27,102.2,95.03
11.79,85.5,2.9,3.09,1.183,78.42,103.15,95.08
11.33,84.46,2.43,2.72,1.152,78.06,102.07,94.53
11.96,85.06,2.6,2.63,1.158,78.32,102.1,94.66
12.52,87.17,3.51,2.98,1.182,78.54,103.27,95.09
11.76,89.81,3.44,2.43,1.187,78.43,102.8,94.41
11.86,82.09,3.07,1.81,1.135,78.08,101.0,94.79
11.87,85.96,2.39,2.85,1.162,78.17,102.35,94.32
12.07,86.09,2.28,3.18,1.171,78.42,102.71,94.42
11.04,85.82,2.5,2.8,1.159,78.26,102.24,94.56
11.86,85.59,2.92,2.6,1.162,78.27,102.21,94.91
11.49,85.25,3.41,2.03,1.159,78.19,102.63,94.8
12.53,88.21,3.52,2.86,1.197,78.46,103.19,94.76
11.54,84.98,3.13,2.53,1.173,78.21,102.92,95.19
12.35,85.72,2.81,3.24,1.179,78.5,103.02,94.88
12.91,86.0,2.82,1.93,1.133,77.98,101.4,94.16
11.81,86.24,3.09,3.16,1.186,78.48,103.22,94.98
11.64,85.62,3.68,2.54,1.187,78.52,102.99,95.15
12.11,88.2,2.83,2.84,1.169,78.3,102.6,94.41
12.0,85.98,3.09,2.98,1.194,78.5,103.19,94.96
11.4,86.38,3.53,2.76,1.165,78.46,103.2,95.14
12.28,85.89,3.76,2.67,1.212,78.51,103.27,95.32
13.21,83.79,3.76,2.67,1.186,78.62,103.39,95.67
11.85,84.17,2.55,2.63,1.145,78.11,102.21,94.91
11.88,83.69,3.43,2.26,1.151,78.36,102.58,95.18
11.37,86.42,2.47,2.13,1.149,78.01,101.59,94.15
12.19,84.43,3.45,1.87,1.163,78.18,102.3,94.73
11.25,83.66,2.22,3.08,1.159,78.09,102.36,94.84
11.34,86.52,3.48,2.81,1.184,78.41,103.45,94.97
12.77,87.16,3.08,2.67,1.173,78.26,102.71,94.83
11.46,82.13,3.39,2.09,1.158,78.14,102.64,95.25
12.65,89.72,2.53,2.75,1.171,78.27,102.33,93.99
12.91,86.07,3.17,3.28,1.196,78.51,103.69,95.03
12.16,85.77,2.86,2.25,1.152,78.03,101.94,94.61
12.33,88.35,2.4,1.53,1.106,77.71,100.34,92.78
13.17,86.15,2.42,2.57,1.165,78.1,101.8,94.03
11.88,84.67,3.74,1.7,1.155,78.08,102.27,94.45
11.64,90.83,2.46,2.73,1.147,78.22,102.22,93.63
11.19,83.64,2.68,1.58,1.144,77.91,101.04,94.0
12.03,85.79,3.62,1.77,1.164,78.15,102.58,94.19
12.89,87.86,2.9,2.86,1.151,78.42,102.41,94.39
12.58,83.65,3.15,1.77,1.131,77.93,101.29,94.45
11.43,85.78,2.33,2.66,1.148,78.07,101.87,94.28
11.49,86.85,3.06,1.95,1.137,78.08,101.68,94.25
11.7,91.28,2.46,2.13,1.139,77.98,101.46,93.12
12.18,84.04,2.66,2.14,1.172,78.12,101.82,94.39
11.88,85.9,2.76,2.85,1.198,78.28,103.25,94.8
12.13,87.45,2.94,3.03,1.177,78.34,102.64,94.66
12.18,86.18,3.0,2.02,1.159,78.12,101.61,94.44
11.82,83.35,3.68,2.67,1.195,78.54,103.29,95.54
11.98,86.9,3.55,1.92,1.16,78.26,101.95,94.46
12.12,86.24,3.76,2.64,1.172,78.51,103.17,95.04
11.95,86.98,2.8,1.95,1.155,78.03,101.9,94.04
12.3,88.49,2.36,1.56,1.12,77.7,100.67,92.81
13.12,88.23,2.51,2.06,1.144,78.01,101.41,93.65
12.36,86.9,3.05,2.22,1.164,78.13,102.42,94.34
12.03,86.68,2.27,1.76,1.117,77.74,100.41,93.28
10.99,83.58,2.23,1.57,1.136,77.8,100.6,93.43
12.23,85.7,2.68,2.65,1.161,78.15,102.25,94.61
10.83,86.48,2.45,3.09,1.169,78.29,102.6,94.57
11.15,85.12,3.78,2.61,1.182,78.58,103.09,95.64
12.51,86.21,2.28,1.83,1.135,77.79,100.81,93.44
12.42,84.18,3.02,3.18,1.194,78.57,103.2,95.37
11.91,89.38,3.62,1.67,1.151,78.12,102.29,93.73
10.97,90.73,3.01,2.36,1.166,78.3,102.09,94.09
11.78,85.14,2.55,2.52,1.149,78.01,102.13,94.59
11.59,86.88,3.1,3.25,1.175,78.44,102.86,95.08
12.38,85.48,2.31,2.04,1.131,77.9,101.29,93.87
13.35,88.78,2.47,1.9,1.14,78.01,101.39,93.54
12.13,86.96,2.71,2.16,1.153,78.18,101.52,94.28
11.53,86.17,3.73,2.09,1.182,78.27,102.62,94.6
11.3,85.51,2.97,1.8,1.137,78.01,101.59,94.25
11.97,86.28,2.55,1.89,1.133,77.88,101.34,93.84
11.89,83.8,3.11,2.04,1.155,77.97,102.3,94.61
11.31,87.49,2.64,2.44,1.16,78.19,102.04,94.16
12.07,84.43,2.23,3.05,1.159,78.19,102.21,94.46
11.31,87.18,2.28,2.24,1.13,78.06,101.34,93.69
12.67,86.29,3.78,1.8,1.148,78.28,102.48,94.41
12.64,88.41,2.27,2.37,1.154,77.96,101.73,93.41
12.65,85.96,3.21,2.19,1.171,78.16,102.34,94.71
11.72,88.25,2.55,2.74,1.153,78.19,102.11,94.25
12.31,83.97,3.14,2.12,1.172,78.21,102.05,94.91
11.92,87.34,3.19,3.01,1.182,78.45,103.0,94.84
11.77,85.51,3.02,2.2,1.161,78.38,101.89,94.65
11.8,86.43,3.19,2.41,1.179,78.3,102.39,94.71
11.22,86.16,2.36,3.13,1.161,78.19,102.34,94.56
11.13,88.06,2.4,2.84,1.151,78.2,102.38,94.16
12.48,81.56,2.89,2.91,1.156,78.46,102.49,95.76
11.89,86.71,3.04,2.98,1.181,78.47,103.02,94.84
12.13,82.71,2.95,1.94,1.152,78.03,101.45,94.93
12.6,88.65,3.43,2.99,1.197,78.51,103.61,94.68
10.96,81.66,3.0,3.17,1.189,78.43,103.27,95.75
11.53,83.79,3.33,3.18,1.192,78.5,103.84,95.47
12.11,82.32,2.51,3.2,1.183,78.31,102.86,95.26
12.24,89.61,2.76,2.5,1.148,78.21,101.93,93.99
11.77,83.16,3.63,2.71,1.19,78.48,103.31,95.69
12.62,86.25,2.66,2.02,1.148,78.12,101.37,94.2
12.13,84.82,3.71,2.71,1.186,78.58,103.26,95.37
11.27,82.04,2.28,1.97,1.149,77.83,100.83,94.37
11.44,85.26,3.09,1.84,1.152,78.06,101.68,94.47
12.48,87.46,2.95,2.7,1.182,78.43,102.62,94.56
12.28,85.59,2.33,1.96,1.142,77.74,101.17,93.71
10.86,88.07,3.61,1.57,1.152,78.15,102.58,93.86
12.81,85.2,2.38,2.98,1.181,78.44,102.29,94.55
12.36,86.02,3.28,2.35,1.178,78.37,102.55,94.88
12.81,85.15,3.57,1.88,1.161,78.15,102.27,94.68
11.77,86.76,2.21,2.96,1.156,78.19,102.08,94.03
11.82,90.18,3.22,2.11,1.148,78.17,102.12,93.98
11.32,86.8,3.13,1.65,1.142,78.23,101.58,94.02
13.52,86.43,2.7,2.52,1.155,78.12,102.09,94.36
11.89,84.64,3.55,2.07,1.168,78.26,102.67,94.96
12.95,84.34,2.3,1.66,1.119,77.73,100.84,93.45
11.61,89.22,2.69,2.63,1.166,78.1,102.04,94.11
12.1,83.55,3.33,2.75,1.178,78.18,103.04,95.62
11.0,83.99,3.6,2.73,1.169,78.5,103.37,95.55
11.77,85.79,3.27,2.57,1.168,78.41,102.71,94.9
12.59,85.06,3.27,2.81,1.171,78.41,103.0,95.21
11.25,90.3,3.76,1.82,1.151,78.3,102.4,93.86
12.64,80.79,3.23,1.72,1.146,78.12,101.91,95.07
12.2,86.79,2.53,3.17,1.18,78.4,102.75,94.35
11.37,87.57,2.85,2.52,1.15,78.09,102.16,94.35
11.7,83.53,2.54,2.42,1.13,78.21,101.85,94.74
11.72,84.58,2.24,2.55,1.145,78.11,102.0,94.16
11.97,86.95,3.73,2.74,1.219,78.62,103.2,95.17
11.68,89.58,3.26,2.5,1.165,78.34,102.85,94.15
11.5,83.97,2.71,2.89,1.171,78.31,102.52,94.99
11.82,82.53,2.82,2.11,1.145,78.03,102.68,94.76
11.38,88.14,3.08,3.25,1.196,78.57,103.51,94.7
11.23,89.35,3.37,2.71,1.194,78.52,103.06,94.65
11.97,85.26,2.4,2.95,1.161,78.19,102.31,94.62
12.53,81.13,2.88,2.63,1.177,78.33,102.08,95.59
11.08,89.19,3.1,2.91,1.167,78.39,102.87,94.6
12.0,85.56,2.25,1.68,1.125,77.8,101.2,93.13
11.61,88.47,2.65,1.86,1.125,77.93,101.42,93.59
11.41,85.9,3.29,1.71,1.151,78.15,101.74,94.03
12.51,85.17,2.35,2.45,1.141,78.2,101.7,94.21
11.69,85.01,2.31,2.93,1.161,78.21,102.22,94.45
12.9,89.24,2.73,2.04,1.133,77.98,101.39,93.59
11.53,89.16,3.16,3.26,1.191,78.53,103.47,94.69
12.23,81.3,2.65,1.91,1.14,78.0,101.51,94.65
11.86,83.94,2.79,2.9,1.164,78.29,102.31,95.3
11.55,89.91,3.69,1.78,1.153,78.3,102.24,93.87
12.35,85.19,2.25,2.05,1.121,77.9,100.48,93.94
11.91,83.01,2.71,2.85,1.163,78.36,102.12,95.27
12.36,86.01,3.29,2.85,1.185,78.42,103.31,95.15
11.97,85.76,2.83,2.27,1.152,78.05,102.28,94.52
11.35,85.79,3.71,1.59,1.158,78.1,102.54,94.41
11.94,84.94,2.23,1.53,1.131,77.73,100.22,93.09
12.03,85.32,3.51,2.43,1.172,78.33,102.84,95.13
12.58,85.0,3.31,2.68,1.18,78.47,102.86,95.16
11.46,86.73,3.5,2.45,1.184,78.23,103.13,94.87
11.98,84.21,2.73,1.7,1.14,77.85,101.3,94.11
10.97,85.36,2.86,1.85,1.146,77.98,101.55,94.17
12.39,85.68,3.68,2.87,1.192,78.45,103.69,95.36
11.35,88.87,2.66,2.42,1.173,78.08,101.87,94.1
10.92,86.82,2.95,2.59,1.165,78.16,102.71,94.71
11.96,85.76,3.72,2.0,1.164,78.3,102.49,94.79
12.66,87.18,3.18,2.41,1.172,78.26,102.76,94.49
11.09,86.89,3.73,1.89,1.182,78.33,102.51,94.29
11.35,88.39,3.24,1.66,1.161,77.98,101.76,93.67
11.55,87.11,3.07,3.23,1.187,78.4,103.06,94.89
11.32,89.95,3.35,1.56,1.155,78.0,101.33,93.62
12.23,88.96,3.77,2.47,1.188,78.49,102.8,94.58
11.52,85.91,3.13,3.2,1.188,78.55,103.47,95.24
11.57,85.09,3.14,1.9,1.157,78.11,101.36,94.58
12.35,87.94,2.89,2.85,1.177,78.44,103.03,94.73
11.55,87.14,2.83,1.8,1.142,77.94,101.38,93.87
12.26,85.79,2.82,1.69,1.154,77.91,100.99,93.93
11.42,82.75,2.36,1.72,1.123,77.73,100.96,93.98
11.27,81.97,3.02,2.08,1.167,78.07,101.66,95.04
10.9,86.77,2.49,2.83,1.182,78.3,102.29,94.32
13.12,87.7,3.18,2.98,1.203,78.5,103.09,94.66
11.81,87.77,2.46,2.62,1.157,77.93,102.29,94.23
12.15,83.17,2.62,2.39,1.15,78.2,102.13,94.87
11.98,88.28,2.91,2.55,1.147,78.09,102.61,94.35
12.1,84.82,3.11,3.15,1.185,78.48,103.18,95.27
12.03,86.85,3.2,2.13,1.183,78.27,102.5,94.41
13.14,86.92,3.47,1.79,1.14,78.17,102.07,94.15
11.38,84.23,3.44,2.54,1.161,78.45,102.94,95.32
11.07,84.7,2.62,2.85,1.173,78.33,102.54,94.94
11.39,81.44,2.38,1.56,1.129,77.78,100.78,94.1
11.2,83.98,2.63,2.41,1.134,78.02,101.63,94.62
12.45,82.03,3.21,2.07,1.157,78.2,102.29,95.18
12.49,86.96,3.13,3.27,1.192,78.5,103.05,95.07
11.42,86.14,2.68,2.36,1.137,77.93,102.05,94.33
11.17,88.01,3.72,2.2,1.183,78.35,102.79,94.57
11.79,86.78,2.74,2.1,1.134,78.09,101.72,94.18
12.83,84.6,3.1,2.3,1.172,78.23,102.03,94.98
10.31,86.76,3.27,2.26,1.166,78.26,102.65,94.77
12.32,85.14,3.11,1.84,1.142,78.21,101.74,94.34
11.35,87.34,2.36,2.23,1.125,78.0,101.66,93.87
12.62,86.69,2.63,1.77,1.131,77.97,101.04,93.77
11.35,83.83,3.74,2.75,1.189,78.6,103.3,95.64
11.83,86.0,2.82,3.29,1.18,78.6,103.16,95.11
11.1,86.12,2.37,2.13,1.132,77.91,101.6,94.0
11.41,85.32,3.47,1.84,1.155,78.27,101.82,94.44
12.83,87.97,3.11,1.63,1.151,78.14,101.39,93.52
12.49,89.77,2.3,3.05,1.153,78.21,102.23,93.71
11.76,85.19,2.2,1.67,1.119,77.82,100.6,93.32
11.48,85.23,2.37,2.78,1.161,78.06,101.99,94.55
10.86,81.05,3.21,1.89,1.152,78.14,102.18,95.24
11.76,85.72,2.86,3.21,1.189,78.52,103.26,95.15
11.98,85.04,2.54,1.62,1.144,77.76,100.95,93.74
11.95,81.25,3.23,1.69,1.144,77.92,101.94,95.03
11.94,86.63,3.09,1.96,1.154,78.11,102.14,94.2
11.33,87.3,2.25,2.69,1.121,78.07,101.73,93.94
11.96,84.38,3.4,2.07,1.159,78.25,102.16,94.97
11.98,85.18,2.45,3.26,1.179,78.38,102.9,94.71
12.77,83.87,2.59,1.94,1.127,78.01,101.87,94.34
13.12,87.68,2.79,1.93,1.156,78.13,100.99,93.83
11.92,82.66,2.59,3.16,1.154,78.4,102.62,95.17
11.54,85.31,2.33,3.0,1.175,78.11,102.5,94.67
11.96,90.29,3.06,1.56,1.134,78.01,101.21,93.26
11.64,86.11,2.44,2.68,1.145,78.18,102.27,94.22
11.55,87.03,3.1,1.94,1.146,78.11,101.93,94.15
11.96,85.68,2.67,3.17,1.172,78.51,102.55,94.82
11.37,83.42,3.38,2.69,1.169,78.46,102.92,95.57
12.36,85.93,3.68,1.92,1.151,78.24,102.53,94.57
11.94,86.89,2.73,3.01,1.166,78.39,102.51,94.5
12.15,83.75,2.9,2.3,1.166,78.04,102.24,95.0
11.89,86.75,3.62,2.89,1.194,78.66,103.57,95.1
11.56,88.74,2.91,2.77,1.183,78.33,102.57,94.54
11.43,88.35,2.56,1.96,1.132,78.08,101.44,93.64
11.86,82.52,2.53,2.73,1.155,78.25,102.11,95.15
11.67,83.85,3.72,2.86,1.189,78.63,103.62,95.69
12.14,82.45,2.63,2.69,1.162,78.23,102.02,95.22
12.0,88.36,2.76,2.98,1.176,78.26,103.07,94.36
11.18,87.34,2.98,1.95,1.166,78.06,101.7,94.22
12.04,87.55,2.67,1.65,1.139,77.9,101.39,93.44
11.19,84.07,2.78,2.11,1.149,78.14,102.26,94.54
11.63,83.43,2.93,2.68,1.181,78.34,102.94,95.2
11.82,86.17,3.12,2.15,1.149,78.23,102.14,94.53
10.75,86.22,2.47,2.56,1.14,78.18,102.0,94.43
12.05,84.12,2.3,1.6,1.128,77.7,100.66,93.57
12.09,86.31,3.23,1.8,1.152,78.12,101.92,94.09
11.91,87.42,3.56,2.71,1.185,78.48,103.03,94.99
11.75,86.5,3.04,3.19,1.194,78.41,102.82,94.97
11.78,83.71,2.41,2.06,1.134,77.81,101.39,94.18
11.41,81.35,3.01,3.24,1.184,78.58,103.29,95.9
11.84,85.43,2.33,2.58,1.154,78.2,102.2,94.22
11.67,86.36,3.67,1.76,1.167,78.33,102.69,94.23
12.06,85.43,3.33,2.74,1.189,78.38,102.71,95.23
11.28,85.06,2.78,2.46,1.159,78.3,101.93,94.86
12.14,84.48,3.7,2.34,1.18,78.54,103.13,95.15
12.09,87.57,2.93,2.52,1.139,78.19,102.65,94.57
11.92,85.88,2.25,2.96,1.171,78.23,102.21,94.38
11.74,86.27,2.28,3.26,1.152,78.44,102.58,94.29
12.33,83.86,3.63,2.61,1.182,78.5,102.75,95.64
11.0,84.64,2.69,2.59,1.184,78.29,102.75,94.84
12.28,86.36,3.29,1.75,1.147,78.05,101.69,94.18
12.15,83.79,3.44,2.05,1.146,78.21,102.48,94.75
12.17,83.23,3.02,1.98,1.166,78.16,101.93,94.85
12.23,85.28,2.65,3.08,1.166,78.34,102.52,94.77
11.61,88.64,3.43,1.61,1.148,78.1,102.05,93.73
11.84,86.42,3.33,2.75,1.177,78.45,103.38,94.83
12.38,89.21,2.62,2.76,1.169,78.16,102.32,94.18
12.26,85.71,2.81,3.16,1.186,78.55,103.02,95.06
12.12,85.32,3.33,2.08,1.159,78.21,102.43,94.91
11.09,82.94,3.61,2.89,1.201,78.56,103.73,95.47
12.32,84.73,2.52,1.89,1.126,77.87,101.44,94.09
12.7,89.16,2.22,2.89,1.162,78.16,101.86,93.69
12.61,86.72,2.34,2.0,1.127,77.82,100.95,93.32
12.14,87.61,3.38,2.05,1.168,78.29,102.16,94.28
11.07,87.55,2.66,1.62,1.124,77.83,100.42,93.41
12.57,85.98,2.28,2.53,1.143,78.12,101.41,94.23
11.91,85.55,2.42,3.23,1.185,78.27,102.63,94.53
10.48,86.26,2.24,2.07,1.122,77.81,101.0,93.78
12.23,87.48,2.49,3.12,1.157,78.25,102.42,94.33
11.1,87.01,3.4,1.7,1.157,78.13,102.12,94.13
11.22,87.08,2.29,1.65,1.12,77.65,100.8,93.1
11.62,86.34,3.38,2.85,1.179,78.56,103.4,95.18
12.76,84.31,3.21,2.38,1.165,78.26,102.46,95.14
11.78,85.42,2.94,2.57,1.186,78.34,102.34,94.73
12.16,83.93,2.37,2.93,1.15,78.19,102.07,94.84
13.05,88.21,3.44,2.73,1.179,78.54,103.19,94.62
12.96,81.38,2.58,1.89,1.138,77.84,100.86,94.56
11.94,85.52,3.4,2.91,1.176,78.44,103.09,95.35
11.86,91.25,2.93,3.08,1.178,78.49,103.16,94.13
11.24,85.25,3.3,2.29,1.171,78.24,102.69,95.01
11.58,83.5,3.29,1.64,1.138,78.14,101.72,94.58
12.26,85.96,2.83,3.02,1.186,78.33,102.57,94.91
12.24,88.84,2.97,2.5,1.152,78.29,102.53,94.22
12.07,85.65,3.1,3.2,1.184,78.47,103.14,95.04
12.6,87.35,2.52,2.73,1.162,78.06,102.16,94.31
11.54,86.22,2.92,1.92,1.178,78.15,101.45,94.29
11.97,85.18,2.28,2.6,1.131,78.06,102.23,94.32
12.44,92.93,2.49,2.55,1.156,78.2,102.32,93.22
12.35,86.16,2.89,2.23,1.179,78.15,101.8,94.54
12.64,84.82,3.62,1.66,1.15,78.03,101.81,94.39
12.24,84.92,3.1,2.25,1.17,78.24,102.22,94.67
11.81,86.84,2.44,2.21,1.144,78.08,101.67,93.99
12.22,86.9,3.59,1.86,1.146,78.32,102.58,94.38
11.4,87.7,3.29,1.98,1.161,78.3,102.11,94.34
11.02,86.31,3.03,2.49,1.156,78.3,102.15,94.69
12.35,82.85,2.31,2.95,1.161,78.2,102.31,94.75
11.97,87.17,2.81,1.88,1.127,78.0,101.57,93.94
12.19,85.32,2.53,3.27,1.181,78.29,102.45,94.71
10.98,85.37,3.71,2.34,1.153,78.48,102.9,95.13
11.78,82.74,2.63,2.77,1.161,78.3,102.29,95.24
11.64,84.74,2.28,3.05,1.174,78.26,102.09,94.59
11.48,84.4,2.21,1.59,1.124,77.65,100.62,93.55
10.65,85.92,2.73,2.32,1.149,78.17,102.2,94.56
11.8,82.8,2.21,2.01,1.129,77.81,101.3,94.32
12.54,86.11,2.29,3.08,1.158,78.34,102.15,94.41
12.23,86.27,2.95,3.28,1.212,78.46,103.12,95.21
11.64,83.54,2.71,2.06,1.144,77.98,101.79,94.62
11.99,84.63,3.29,2.38,1.168,78.28,102.49,95.06
12.45,84.11,2.64,2.44,1.146,78.05,101.91,94.86
10.34,88.0,3.22,2.06,1.152,78.11,102.67,94.27
11.93,80.44,3.52,2.85,1.193,78.52,102.74,96.03
12.33,85.24,3.4,2.69,1.173,78.25,102.89,95.21
12.41,82.35,2.57,2.77,1.153,78.38,102.09,95.15
13.02,85.05,2.48,1.76,1.125,77.88,101.02,93.6
12.68,87.86,3.01,1.81,1.141,78.05,102.04,93.84
12.19,84.61,2.4,2.57,1.153,78.03,101.86,94.47
12.18,86.3,3.76,1.6,1.153,78.2,102.09,94.13
12.47,84.14,2.91,1.66,1.137,77.95,101.41,94.18
11.68,90.27,3.06,2.53,1.159,78.3,102.45,94.14
11.98,88.01,2.98,1.57,1.15,77.82,101.43,93.59
12.54,88.48,3.32,2.41,1.17,78.32,103.26,94.52
13.17,83.08,3.12,2.7,1.169,78.22,102.61,95.33
11.9,83.58,3.65,2.28,1.177,78.37,102.78,95.33
11.97,88.38,3.66,1.82,1.161,78.16,102.29,94.19
12.12,85.57,2.93,1.82,1.127,77.96,101.06,94.25
12.81,85.43,2.8,3.13,1.175,78.39,103.08,95.04
11.98,86.73,3.76,2.35,1.195,78.51,103.01,94.88
12.88,83.24,2.64,2.08,1.149,78.11,101.11,94.58
11.42,87.7,3.64,2.29,1.186,78.39,102.77,94.89
11.89,86.04,2.52,3.0,1.159,78.2,102.55,94.58
11.88,87.05,3.02,2.27,1.143,78.3,101.96,94.63
12.47,84.52,3.65,2.84,1.183,78.46,103.73,95.53
12.63,87.13,2.22,3.24,1.179,78.23,102.34,94.05
11.09,84.45,2.93,1.82,1.133,77.99,101.21,94.27
11.45,88.1,3.66,2.26,1.165,78.32,103.0,94.66
12.2,88.49,3.3,2.85,1.192,78.58,103.09,94.62
11.6,88.01,2.51,3.27,1.171,78.41,102.84,94.27
11.09,87.14,3.1,1.6,1.139,78.07,101.11,93.61
12.62,87.39,3.06,1.53,1.142,77.93,101.04,93.65
12.3,80.05,3.77,2.7,1.189,78.63,103.19,96.16
12.3,87.84,2.81,2.94,1.168,78.34,102.69,94.52
11.71,85.4,3.47,2.76,1.185,78.48,103.17,95.29
12.62,86.21,2.58,1.67,1.123,77.87,101.36,93.58
11.86,85.38,2.75,2.2,1.149,78.11,102.19,94.49
12.66,82.94,2.85,2.0,1.153,78.09,101.72,94.77
11.45,84.82,3.7,2.46,1.17,78.44,103.06,95.25
11.49,87.45,3.34,2.59,1.173,78.27,103.32,94.54
12.12,89.12,2.34,1.63,1.112,77.74,100.77,92.88
11.58,84.63,2.44,2.39,1.155,77.84,101.97,94.5
12.41,84.01,3.2,3.29,1.197,78.57,103.42,95.47
12.16,89.19,3.64,2.83,1.199,78.5,103.43,94.86
11.45,84.06,2.81,2.12,1.159,78.14,101.73,94.56
12.04,90.56,3.32,2.12,1.172,78.01,102.14,93.64
11.79,86.11,3.42,2.81,1.19,78.65,103.3,95.28
12.55,84.06,2.39,2.95,1.154,78.2,102.12,94.76
11.62,88.17,2.35,2.07,1.145,77.79,101.24,93.37
11.74,89.73,3.76,2.67,1.178,78.58,103.49,94.57
12.73,82.84,2.62,2.93,1.19,78.33,103.04,95.2
13.34,89.43,2.8,1.62,1.137,77.93,100.74,93.0
13.2,85.38,2.37,1.73,1.133,77.98,100.91,93.58
12.04,89.27,3.21,2.65,1.161,78.31,102.97,94.66
12.13,85.16,3.56,2.03,1.175,78.29,102.37,94.94
12.92,82.53,3.42,1.98,1.172,78.22,102.46,95.07
11.93,87.1,2.7,2.68,1.146,78.18,102.45,94.5
11.41,88.04,2.83,3.3,1.176,78.5,103.27,94.54
12.07,90.61,2.71,1.93,1.136,78.08,101.36,93.34
12.27,89.79,2.46,2.11,1.133,77.9,101.37,93.37
11.5,87.53,3.02,1.62,1.154,78.0,101.37,93.58
11.01,85.48,2.79,2.89,1.191,78.41,102.42,94.8
11.14,84.85,3.43,1.77,1.144,78.19,102.06,94.74
12.4,85.35,2.69,1.98,1.152,77.86,101.25,94.21
11.54,84.17,3.3,1.74,1.147,78.11,101.62,94.43
11.92,85.4,3.78,1.71,1.175,78.19,101.97,94.42
12.13,80.4,3.05,2.77,1.148,78.46,103.03,95.97
12.37,86.39,3.72,2.61,1.18,78.5,103.14,95.23
11.8,85.94,3.57,2.46,1.189,78.57,102.74,94.98
12.3,91.64,2.55,2.26,1.139,77.94,101.88,93.35
11.47,87.67,3.17,2.46,1.179,78.34,102.44,94.69
11.78,84.94,3.45,2.47,1.169,78.32,102.93,95.13
11.39,87.24,2.81,2.43,1.169,78.32,102.1,94.31
12.68,83.3,3.03,1.52,1.143,78.06,101.41,94.05
11.98,84.67,2.73,2.53,1.154,78.11,102.22,94.8
11.56,81.89,3.34,2.27,1.158,78.34,101.99,95.4
11.79,89.16,3.39,2.41,1.169,78.34,103.06,94.3
11.87,87.31,2.79,1.94,1.155,77.88,101.8,93.92
12.42,83.41,3.37,1.9,1.156,78.08,101.75,94.94
11.04,85.87,3.33,2.41,1.163,78.34,102.86,95.03
11.38,88.09,3.68,1.51,1.186,78.17,101.92,93.7
11.77,87.09,3.44,2.34,1.155,78.31,102.71,94.92
13.52,86.84,3.57,2.59,1.178,78.49,103.41,94.81
12.57,84.11,2.21,2.75,1.157,78.13,102.14,94.41
11.93,84.6,3.05,1.93,1.139,78.1,102.05,94.42
12.43,86.21,2.4,2.22,1.141,77.89,101.96,94.07
13.23,88.02,3.1,2.36,1.158,78.25,102.62,94.34
11.86,84.18,2.23,1.77,1.11,77.82,100.65,93.5
11.78,83.53,3.29,2.48,1.175,78.22,102.39,95.24
12.73,88.52,3.39,2.25,1.155,78.41,102.72,94.54
12.3,83.95,2.61,2.94,1.159,78.41,102.12,95.04
12.4,88.37,2.55,1.61,1.14,77.83,100.86,93.12
11.7,86.53,2.79,2.31,1.142,78.3,101.9,94.51
13.15,87.94,2.53,3.22,1.179,78.3,102.6,94.13
13.03,89.84,2.57,1.72,1.143,77.79,101.41,92.94
12.34,87.52,3.26,1.76,1.16,78.04,101.91,93.84
12.41,87.71,2.65,2.24,1.153,78.01,101.72,93.95
10.78,83.98,2.64,2.68,1.158,78.36,102.47,94.93
12.38,84.47,2.42,2.66,1.14,78.14,101.92,94.63
11.88,87.42,2.39,2.54,1.151,78.08,102.13,94.13
12.26,89.38,3.71,2.48,1.186,78.5,103.61,94.63
12.41,89.06,2.45,2.17,1.136,78.11,101.45,93.82
11.8,91.1,3.44,1.74,1.144,78.15,101.96,93.43
10.99,86.68,3.26,2.08,1.167,78.17,102.48,94.54
12.22,86.45,3.67,2.13,1.16,78.36,102.21,94.78
11.56,88.21,2.72,1.99,1.147,78.1,101.25,93.73
11.8,86.04,3.06,3.21,1.181,78.51,103.06,95.05
11.64,85.86,3.06,2.83,1.158,78.51,102.48,95.05
11.8,83.7,3.03,1.65,1.157,78.0,101.48,94.24
10.61,88.18,3.14,2.57,1.175,78.31,102.71,94.66
12.73,83.64,3.15,2.04,1.16,78.19,102.04,94.96
12.15,87.13,2.63,2.09,1.129,78.17,101.57,93.87
12.67,82.88,2.25,1.79,1.124,77.77,101.06,93.66
13.19,88.41,2.66,2.42,1.156,78.24,102.24,94.02
12.01,83.74,3.66,2.76,1.18,78.59,103.69,95.46
10.92,87.86,3.03,2.79,1.189,78.38,102.74,94.7
11.46,82.5,2.91,1.59,1.116,77.93,101.28,94.31
11.28,85.03,3.3,2.77,1.186,78.51,103.38,95.29
11.7,88.59,3.25,3.03,1.166,78.57,103.38,94.84
12.05,84.23,3.45,2.99,1.173,78.59,103.76,95.57
10.8,86.15,2.27,3.3,1.155,78.37,102.48,94.38
12.21,84.95,3.14,2.57,1.175,78.26,102.63,94.93
11.09,80.92,3.18,1.99,1.147,78.09,101.86,95.07
12.18,86.68,2.68,3.08,1.165,78.28,102.76,94.43
11.93,86.95,3.16,3.23,1.179,78.53,103.52,94.9
11.81,83.56,2.53,2.55,1.139,78.12,101.9,94.83
11.96,87.26,3.16,1.57,1.133,77.96,101.98,93.63
11.68,84.25,3.2,2.19,1.15,78.26,101.92,94.9
11.63,83.79,2.89,1.83,1.139,77.92,101.75,94.31
10.99,86.02,3.15,2.71,1.169,78.36,102.56,94.85
11.98,84.5,3.32,2.01,1.134,78.26,102.25,94.62
13.11,91.04,3.06,1.65,1.135,78.12,101.33,93.17
13.19,82.58,3.11,2.05,1.166,78.14,102.03,94.77
12.79,87.62,3.06,2.85,1.17,78.49,102.9,94.73
12.42,88.18,2.3,3.08,1.161,78.35,102.18,93.9
11.59,81.65,2.26,2.38,1.135,77.92,101.24,94.77
12.87,82.19,2.55,1.57,1.119,77.83,100.72,94.03
11.97,87.24,2.97,1.97,1.147,77.99,101.78,94.19
11.96,84.94,2.33,2.98,1.147,78.19,102.48,94.65
11.83,86.84,2.59,3.19,1.171,78.4,103.18,94.5
12.06,88.51,3.17,2.14,1.141,78.09,101.77,94.1
11.74,85.18,2.3,3.04,1.164,78.27,102.43,94.44
11.95,83.66,2.37,2.9,1.143,78.2,102.13,94.69
11.35,80.0,3.05,2.32,1.166,78.19,102.26,95.73
11.78,86.45,2.33,2.26,1.15,78.02,101.53,93.92
13.37,83.96,2.23,2.87,1.138,78.09,102.25,94.46
11.96,86.69,3.33,1.74,1.157,77.97,101.99,94.17
11.86,86.51,3.02,1.82,1.141,78.04,101.65,94.04
12.32,82.95,3.34,1.84,1.165,78.08,102.38,94.94
12.42,89.79,2.48,2.01,1.131,77.92,101.39,93.12
11.33,88.38,2.85,2.93,1.168,78.27,102.75,94.52
11.88,87.87,2.78,1.84,1.136,77.89,101.7,93.77
12.55,83.39,3.64,1.57,1.165,78.05,101.72,94.41
12.16,85.1,2.33,3.05,1.142,78.14,102.15,94.45
12.07,84.8,3.45,1.58,1.156,78.02,102.16,94.32
12.93,85.09,2.91,1.97,1.147,77.99,101.67,94.33
11.59,83.53,2.81,2.19,1.145,78.1,101.45,94.63
12.05,86.96,2.83,1.52,1.129,78.12,101.31,93.31
11.69,86.5,2.63,2.02,1.15,77.94,101.78,94.13
12.89,86.8,3.24,2.75,1.184,78.29,102.77,94.76
10.83,84.89,3.4,2.65,1.194,78.48,102.68,95.42
11.6,88.84,3.63,2.5,1.172,78.35,103.05,94.76
11.68,86.41,2.7,1.57,1.111,77.78,101.13,93.51
12.4,79.98,3.36,2.51,1.167,78.35,102.66,95.96
12.36,84.59,2.46,2.42,1.146,78.07,101.56,94.38
12.84,85.87,3.71,2.59,1.179,78.51,103.37,95.07
11.06,88.12,2.69,2.95,1.18,78.34,102.75,94.36
12.45,85.34,2.83,1.53,1.154,77.87,100.75,93.76
11.82,85.45,2.33,3.23,1.171,78.39,102.31,94.39
11.6,84.54,2.35,2.91,1.14,78.27,102.15,94.6
12.32,87.46,2.25,2.26,1.148,77.91,101.23,93.65
11.45,85.02,2.65,2.12,1.137,78.01,101.68,94.44
10.75,84.67,2.35,2.22,1.139,77.86,101.56,94.05
11.78,84.37,3.41,2.44,1.18,78.42,103.21,95.04
11.1,87.22,2.41,2.95,1.165,78.22,102.42,94.21
11.61,84.83,3.59,2.32,1.172,78.53,103.03,95.11
12.22,82.31,2.77,1.53,1.133,77.81,100.71,94.17
12.19,87.37,2.31,2.18,1.144,78.06,101.18,93.69
12.95,84.46,2.38,3.25,1.175,78.25,102.89,94.89
11.88,86.79,3.23,2.06,1.177,78.05,101.81,94.5
11.08,86.82,3.14,1.8,1.117,78.0,102.07,94.18
11.55,88.65,3.67,2.4,1.169,78.45,103.11,94.56
11.45,88.3,3.32,1.83,1.146,78.21,102.0,94.07
11.27,84.73,2.96,2.78,1.178,78.27,102.67,95.18
12.26,85.63,2.82,1.62,1.136,77.98,100.94,93.86
11.61,83.16,2.95,2.98,1.184,78.37,102.66,95.39
10.81,89.69,2.94,3.26,1.168,78.46,103.1,94.52
12.42,86.97,3.1,3.09,1.18,78.46,103.09,95.03
11.93,89.07,2.25,2.64,1.155,78.21,102.1,93.57
12.21,85.3,3.02,2.14,1.153,78.16,101.78,94.4
12.06,81.49,3.64,1.67,1.152,78.19,101.96,95.04
12.38,89.37,2.98,2.05,1.153,77.98,101.47,93.91
12.02,86.2,2.52,1.73,1.146,77.86,101.08,93.58
12.74,86.29,2.24,1.82,1.104,77.82,100.86,93.31
12.25,86.12,3.48,2.22,1.183,78.44,102.84,95.05
12.24,87.42,2.97,2.54,1.166,78.19,102.88,94.47
12.25,87.17,3.5,1.51,1.139,78.02,101.91,93.63
11.13,82.5,2.49,2.55,1.158,78.05,101.75,94.91
11.9,88.39,2.43,3.19,1.168,78.27,102.67,94.2
11.84,84.84,2.27,3.25,1.178,78.35,102.6,94.49
12.12,84.97,2.54,1.85,1.125,77.84,101.19,93.93
11.18,89.8,2.88,2.65,1.174,78.37,102.21,94.22
12.98,88.03,3.77,2.36,1.169,78.44,103.11,94.59
12.06,85.26,3.78,2.15,1.175,78.3,102.51,94.97
11.27,81.92,2.96,1.54,1.142,77.87,101.25,94.41
10.97,86.36,2.81,2.14,1.147,77.97,101.74,94.25
11.83,87.19,2.4,3.0,1.168,78.13,101.76,94.27
11.95,85.82,2.65,1.74,1.127,77.98,101.32,93.68
11.57,83.26,2.38,1.54,1.132,77.82,101.2,93.77
12.06,84.26,3.41,2.46,1.167,78.29,102.69,95.13
11.62,83.24,3.04,2.24,1.15,78.15,102.01,95.04
12.33,86.47,3.74,2.18,1.171,78.5,103.02,94.59
11.57,87.8,2.96,2.74,1.168,78.27,102.34,94.54
11.98,88.26,3.61,1.83,1.151,78.23,102.27,93.97
12.59,84.39,2.73,2.95,1.177,78.37,102.71,95.13
13.54,86.52,3.72,2.84,1.189,78.58,103.41,95.07
11.4,87.22,3.38,3.01,1.193,78.53,103.37,95.06
11.72,84.88,3.61,2.91,1.174,78.55,103.3,95.25
11.5,85.67,2.32,1.88,1.116,77.85,100.87,93.56
12.47,90.67,2.39,2.34,1.141,77.9,101.77,93.34
11.31,86.45,2.31,2.49,1.136,78.05,101.49,93.95
11.71,87.94,2.26,2.73,1.15,78.13,101.79,94.0
11.98,85.04,2.43,3.05,1.17,78.17,102.3,94.61
11.41,86.09,2.25,1.69,1.133,77.79,100.84,93.3
11.43,82.23,2.72,1.51,1.143,77.76,100.9,94.15
11.71,85.94,3.26,1.87,1.16,77.92,101.75,94.37
10.74,88.62,2.95,2.35,1.15,78.04,102.27,94.35
11.13,90.62,3.79,2.06,1.176,78.36,102.25,94.01
11.75,88.63,3.62,2.78,1.181,78.58,102.92,94.81
12.09,87.51,2.21,2.04,1.136,77.83,101.15,93.52
11.89,86.12,3.35,1.58,1.136,77.94,102.16,94.02
10.94,84.68,3.42,2.96,1.199,78.53,103.25,95.45
11.72,85.65,3.16,2.96,1.184,78.53,103.18,95.08
12.48,87.35,2.95,2.24,1.151,78.15,101.73,94.31
12.33,84.27,3.32,2.34,1.153,78.18,102.59,95.16
11.95,88.05,2.7,1.98,1.144,78.02,101.55,93.75
11.47,83.83,2.9,2.19,1.146,78.1,102.09,94.67
12.38,82.09,3.41,2.91,1.187,78.51,103.12,95.78
11.65,83.77,3.48,3.02,1.182,78.58,103.95,95.58
11.3,82.34,2.78,2.16,1.143,78.12,101.58,95.02
11.52,82.98,3.54,1.82,1.164,78.18,102.55,94.93
12.87,88.49,3.32,2.44,1.184,78.26,102.43,94.61
12.13,85.56,3.27,2.75,1.164,78.42,103.16,94.98
12.7,86.48,3.27,1.92,1.152,78.15,102.35,94.22
11.71,88.55,2.24,3.21,1.168,78.36,102.97,93.98
12.56,88.77,3.64,2.41,1.175,78.32,102.93,94.43
11.64,84.89,3.26,1.66,1.142,78.04,101.33,94.31
11.91,88.92,2.93,2.56,1.185,78.19,102.61,94.28
13.49,86.85,3.32,1.89,1.146,78.17,101.88,94.01
12.46,86.01,2.35,3.23,1.171,78.27,102.34,94.48
11.7,86.97,3.56,1.82,1.153,77.95,102.07,94.42
11.95,82.86,3.52,2.96,1.188,78.65,103.26,95.74
12.2,84.27,2.49,2.95,1.14,78.2,102.59,94.66
12.73,85.76,2.81,2.1,1.156,77.98,101.81,94.4
11.71,87.34,2.46,2.56,1.149,78.0,102.1,94.03
10.96,85.18,3.18,2.42,1.156,78.2,102.71,94.99
11.83,85.72,2.36,2.93,1.176,78.11,102.17,94.47
12.01,88.13,2.71,1.98,1.138,77.98,101.68,93.69
12.07,89.11,3.23,1.83,1.144,78.11,102.17,93.63
12.79,87.69,3.66,2.67,1.175,78.51,103.72,94.83
12.19,88.79,3.46,2.11,1.174,78.29,102.48,94.25
12.49,85.11,2.89,1.95,1.145,77.97,101.61,94.26
11.34,85.33,2.6,2.25,1.143,78.1,101.5,94.33
12.52,86.7,3.46,2.41,1.158,78.36,102.68,94.87
13.26,85.34,3.53,1.7,1.145,78.18,102.05,94.29
12.46,84.88,2.66,1.57,1.132,77.88,101.06,93.64
12.15,89.63,3.66,1.61,1.154,78.13,101.75,93.52
12.09,85.56,3.07,2.71,1.15,78.45,102.63,94.99
13.07,83.87,2.53,3.26,1.164,78.44,102.76,94.94
11.44,87.07,3.77,1.93,1.168,78.26,102.4,94.46
11.93,90.04,2.42,2.67,1.18,78.28,101.88,93.57
12.28,86.18,3.02,2.59,1.158,78.42,102.62,94.74
12.45,88.71,3.19,3.22,1.166,78.44,103.21,94.62
11.74,85.04,3.43,2.06,1.169,78.06,102.46,94.82
12.18,84.92,3.4,2.31,1.163,78.26,102.35,95.12
11.83,84.48,3.76,2.36,1.165,78.48,103.08,95.35
12.07,85.68,2.22,3.15,1.167,78.32,102.1,94.37
11.92,90.04,2.64,2.98,1.165,78.36,102.88,94.05
11.32,83.46,3.18,2.84,1.167,78.43,103.16,95.43
11.99,89.6,3.38,3.13,1.177,78.66,103.85,94.66
12.53,83.78,3.53,2.66,1.179,78.53,102.95,95.39
11.42,85.49,2.72,2.39,1.154,78.1,101.7,94.56
11.86,87.84,2.65,2.11,1.125,78.03,101.29,93.82
12.4,87.39,2.94,2.26,1.165,78.24,102.03,94.31
11.36,86.62,2.66,2.05,1.129,77.95,101.81,94.07
12.11,82.37,2.7,1.84,1.151,77.89,101.53,94.71
11.36,86.8,3.13,1.67,1.146,77.95,101.76,93.98
12.68,83.75,2.6,1.81,1.132,78.01,100.92,94.1
13.39,91.65,3.33,2.0,1.161,78.24,102.44,93.64
13.21,85.53,2.36,2.98,1.155,78.29,102.49,94.36
11.87,86.42,2.9,2.95,1.172,78.35,102.7,94.92
12.44,83.48,2.71,2.12,1.162,78.04,101.09,94.72
12.07,84.95,3.09,1.63,1.135,78.08,101.32,94.39
12.06,83.16,3.76,1.74,1.169,78.21,102.29,94.73
12.93,88.16,3.66,2.69,1.176,78.61,103.68,94.76
11.21,85.42,3.42,1.88,1.156,78.17,102.19,94.56
12.63,87.24,3.63,2.46,1.187,78.43,103.0,94.83
11.97,84.49,2.86,1.85,1.129,78.04,101.9,94.4
12.85,84.9,2.47,3.05,1.169,78.35,102.89,94.58
12.11,88.83,3.75,2.25,1.153,78.54,102.99,94.39
11.6,83.86,3.36,2.76,1.168,78.43,103.22,95.47
12.17,82.04,2.99,2.36,1.155,78.34,102.55,95.38
12.44,86.89,3.09,2.12,1.163,78.1,101.9,94.26
12.02,83.49,3.39,2.25,1.173,78.23,102.63,95.05
12.29,85.03,3.01,1.83,1.135,77.86,101.55,94.41
11.69,88.01,3.76,1.64,1.157,78.26,101.98,94.02
10.72,84.2,3.35,2.69,1.179,78.54,103.11,95.5
12.54,87.93,2.75,3.26,1.162,78.35,103.3,94.42
12.42,84.5,2.26,1.99,1.135,77.83,101.52,93.86
12.09,89.28,2.74,2.66,1.174,78.21,102.52,94.14
12.04,88.92,3.14,2.78,1.187,78.28,103.16,94.55
12.62,84.96,3.58,1.53,1.144,78.11,101.86,94.14
11.73,85.53,3.1,2.22,1.154,78.22,101.84,94.71
11.58,84.17,3.3,2.45,1.16,78.29,102.52,95.3
11.89,86.44,2.76,1.51,1.124,77.77,101.13,93.42
12.71,88.53,2.7,2.3,1.147,78.11,101.74,93.9
11.17,82.82,2.74,2.18,1.155,78.12,102.25,94.85
12.72,88.02,3.24,2.1,1.159,78.09,102.5,94.19
11.62,83.09,3.56,2.15,1.158,78.3,102.54,95.27
11.34,84.11,2.9,2.28,1.162,78.2,102.47,94.85
12.76,82.07,3.65,2.59,1.19,78.27,103.33,95.66
11.94,90.63,3.74,1.51,1.148,78.17,102.43,93.43
11.22,86.13,3.73,1.85,1.16,78.39,102.37,94.56
11.78,86.54,3.64,1.58,1.152,78.04,102.2,94.0
12.56,84.51,3.57,2.64,1.165,78.58,103.1,95.44
12.72,88.35,3.3,2.2,1.163,78.22,102.39,94.25
11.74,81.37,2.82,1.78,1.145,78.01,101.69,94.73
12.24,86.06,2.42,2.62,1.172,78.11,102.43,94.3
12.43,90.85,2.75,1.55,1.132,77.77,101.11,92.73
11.61,85.16,2.47,1.81,1.128,77.73,101.16,93.8
12.21,86.04,2.51,2.32,1.144,78.23,101.5,94.22
11.98,87.48,3.66,2.55,1.187,78.37,103.09,94.72
11.68,84.21,3.38,1.69,1.158,78.08,102.0,94.44
11.7,86.05,3.31,3.06,1.178,78.65,103.08,95.18
12.04,88.11,3.79,2.78,1.192,78.62,103.45,94.92
12.02,86.43,3.17,3.23,1.194,78.57,103.17,95.09
11.66,86.82,2.41,2.93,1.14,78.07,102.35,94.54
11.74,85.23,3.35,2.81,1.194,78.42,103.34,95.29
12.67,86.69,2.77,1.64,1.131,77.79,101.28,93.58
12.13,86.12,2.43,2.72,1.164,78.02,102.02,94.33
12.53,89.2,2.7,3.21,1.175,78.44,102.69,94.25
12.72,87.59,2.39,2.97,1.159,78.3,101.95,94.18
12.35,85.46,2.96,2.03,1.148,78.03,101.85,94.4
13.36,80.62,2.61,2.14,1.146,77.97,101.97,95.12
11.5,87.57,2.79,1.91,1.15,78.03,101.46,93.77
12.49,87.66,2.55,3.25,1.17,78.45,102.81,94.43
11.81,83.98,2.87,2.62,1.152,78.18,102.33,95.11
13.11,81.6,3.32,2.1,1.153,78.31,102.02,95.17
13.02,83.49,3.7,2.03,1.157,78.38,102.84,95.12
10.83,88.04,2.51,1.58,1.133,77.8,101.03,93.19
11.42,83.66,2.62,1.61,1.119,77.75,100.66,93.91
12.4,84.99,3.2,2.54,1.184,78.38,102.37,95.26
12.47,86.48,2.24,3.21,1.165,78.32,102.78,94.27
12.44,88.69,3.37,2.49,1.171,78.5,102.57,94.46
11.96,85.96,3.71,2.45,1.192,78.41,103.08,95.01
12.27,85.78,2.48,2.9,1.158,78.36,102.11,94.45
12.39,84.79,3.73,1.61,1.153,78.15,102.22,94.38
11.95,89.59,3.01,1.91,1.155,78.1,101.56,93.69
12.62,88.35,3.65,1.67,1.163,78.16,101.99,93.71
10.64,85.79,3.49,1.87,1.148,78.2,101.93,94.46
12.38,82.93,3.23,2.75,1.2,78.53,103.39,95.41
11.38,84.26,3.42,1.6,1.154,78.02,102.43,94.33
12.58,87.27,2.97,1.73,1.128,78.05,101.56,93.74
11.86,84.41,2.4,1.79,1.127,77.82,101.16,93.79
11.47,87.96,2.44,3.18,1.177,78.32,102.77,94.31
12.22,86.8,3.1,1.96,1.153,78.05,101.9,94.32
11.45,86.64,2.98,1.6,1.146,77.96,101.34,93.76
11.45,87.44,2.55,2.63,1.179,78.01,102.02,94.04
11.06,87.1,3.31,2.61,1.183,78.37,103.05,94.84
11.98,84.12,3.53,2.34,1.192,78.44,102.49,95.27
12.3,85.28,3.41,1.95,1.165,78.26,102.01,94.61
12.61,91.15,3.58,1.94,1.155,78.12,102.54,93.74
11.91,83.34,3.79,1.52,1.171,78.08,101.77,94.51
12.63,84.96,3.47,2.4,1.165,78.34,103.18,94.93
12.01,88.34,3.51,2.44,1.184,78.54,102.8,94.36
11.94,85.65,3.53,2.78,1.191,78.48,103.33,95.27
12.34,84.21,3.22,3.21,1.18,78.57,103.78,95.37
12.64,83.09,2.39,3.17,1.16,78.28,102.55,94.95
11.8,87.18,3.03,2.77,1.17,78.39,102.8,94.7
11.85,88.24,3.27,2.21,1.166,78.17,102.22,94.33
11.9,89.08,3.04,3.25,1.199,78.55,103.45,94.7
12.05,86.12,2.98,3.15,1.182,78.51,103.31,94.86
11.46,88.3,2.21,2.53,1.164,78.11,101.45,93.69
12.62,83.73,3.3,2.21,1.172,78.18,102.56,94.95
11.76,86.37,2.33,2.93,1.152,78.27,102.46,94.3
12.28,84.51,3.4,2.19,1.158,78.43,102.59,95.02
11.5,86.38,2.36,3.01,1.163,78.3,102.17,94.42
12.22,87.65,3.44,3.0,1.183,78.62,103.67,94.93
12.23,88.35,3.51,1.97,1.16,78.04,102.67,94.06
11.75,83.82,3.2,2.34,1.172,78.37,102.32,95.15
13.21,88.79,2.82,2.24,1.154,78.27,101.51,94.03
12.22,84.96,2.96,2.16,1.163,78.23,101.82,94.73
13.07,83.74,3.2,2.63,1.165,78.41,102.79,95.46
12.58,85.62,2.85,2.66,1.156,78.34,102.77,94.82
11.6,82.78,3.25,2.84,1.165,78.69,103.36,95.5
11.77,86.01,2.47,2.67,1.137,78.1,102.25,94.36
12.26,86.64,2.87,3.08,1.172,78.39,102.8,94.79
12.04,85.56,3.19,2.96,1.182,78.56,103.33,95.23
12.03,87.18,3.5,1.88,1.157,78.22,102.22,94.18
11.83,85.31,2.32,2.87,1.157,78.01,101.91,94.52
10.91,86.01,2.29,3.21,1.186,78.3,102.08,94.48
11.86,82.83,3.3,2.26,1.154,78.3,102.7,95.19
10.67,86.09,3.27,1.74,1.146,78.01,101.43,94.3
12.22,84.13,3.22,3.16,1.183,78.58,103.7,95.35
11.56,85.01,2.2,3.19,1.154,78.27,102.94,94.43
11.57,85.79,2.7,2.21,1.162,77.93,101.8,94.35
11.87,86.42,2.82,3.26,1.18,78.5,102.91,94.86
12.16,82.38,2.25,2.69,1.163,78.27,101.72,94.61
11.14,82.56,3.02,3.1,1.169,78.61,102.96,95.65
10.95,85.34,2.23,2.08,1.152,77.79,101.25,93.66
11.36,87.04,2.97,1.63,1.161,77.85,101.63,93.69
10.77,86.79,3.23,3.03,1.175,78.51,103.08,94.99
11.42,87.96,3.65,1.76,1.159,78.23,102.15,94.24
12.95,88.86,3.01,3.27,1.184,78.42,103.16,94.58
11.37,87.09,2.31,2.77,1.16,78.09,102.31,94.08
12.39,85.96,2.66,3.14,1.16,78.48,103.04,94.64
11.18,83.73,3.17,3.11,1.19,78.54,103.1,95.51
12.18,83.92,2.28,2.59,1.156,78.15,101.72,94.41
11.81,84.97,2.87,1.69,1.132,77.94,101.41,94.28
11.96,86.59,2.85,2.83,1.147,78.41,102.23,94.45
12.34,86.49,3.13,2.57,1.162,78.28,102.51,94.78
13.05,86.01,2.65,2.42,1.149,78.08,102.0,94.14
12.12,85.66,2.91,3.14,1.187,78.38,102.73,95.09
12.07,87.39,3.6,2.29,1.167,78.22,102.84,94.6
11.42,86.46,3.01,2.03,1.139,78.07,101.9,94.49
12.35,86.66,3.11,1.73,1.151,77.92,101.52,93.93
11.85,86.68,3.75,2.25,1.179,78.36,103.14,94.92
12.5,84.8,2.21,2.03,1.139,77.87,100.86,93.83
11.97,83.73,3.72,2.06,1.17,78.34,102.75,95.22
13.04,87.08,2.82,3.25,1.191,78.49,103.04,94.68
10.81,86.92,3.46,2.15,1.17,78.25,102.75,94.37
11.82,85.52,2.46,2.2,1.124,77.99,101.35,94.11
12.53,85.09,2.8,3.11,1.178,78.5,103.06,94.82
11.79,91.01,3.06,3.16,1.192,78.49,103.4,94.35
11.52,84.33,2.85,2.2,1.152,78.11,102.2,94.78
11.84,85.52,3.08,2.72,1.187,78.16,103.14,95.0
11.17,86.58,3.56,2.97,1.186,78.5,103.17,95.22
12.07,83.46,2.7,2.82,1.172,78.37,102.47,95.1
13.46,86.26,2.8,2.9,1.158,78.27,102.42,94.62
12.69,89.96,2.22,3.03,1.159,78.12,102.47,93.76
11.33,88.05,3.32,1.76,1.146,78.18,102.23,93.98
11.48,87.39,2.6,2.06,1.132,77.89,101.44,93.89
11.76,87.3,3.02,3.13,1.169,78.56,103.22,94.68
12.6,86.25,3.75,2.59,1.187,78.51,103.6,95.01
11.51,88.11,2.37,3.26,1.174,78.28,102.71,94.17
11.59,85.66,3.74,1.66,1.152,78.03,102.18,94.32
12.53,85.07,3.27,2.7,1.164,78.51,102.53,95.08
12.52,86.22,3.26,2.81,1.17,78.3,102.86,94.98
11.78,87.99,2.21,2.06,1.139,77.77,101.35,93.24
11.33,86.73,2.74,2.67,1.15,78.3,102.0,94.57
11.07,87.48,2.35,2.0,1.145,77.79,101.26,93.44
11.58,81.55,2.48,1.59,1.109,77.83,100.9,94.04
10.66,88.62,2.96,1.87,1.148,78.03,101.65,93.76
12.45,91.15,2.97,1.87,1.152,78.01,101.86,93.43
11.62,88.94,3.47,1.7,1.165,78.04,101.8,93.82
12.29,85.3,3.43,2.68,1.175,78.4,103.41,95.18
13.12,84.13,2.45,2.18,1.134,78.01,101.39,94.2
12.7,86.61,2.81,2.32,1.14,78.06,102.27,94.33
11.31,83.83,3.28,1.53,1.153,78.06,101.45,94.34
12.52,87.6,2.46,2.76,1.156,78.2,102.24,94.27
12.69,84.84,2.35,3.02,1.158,78.28,102.28,94.4
11.55,88.11,2.79,1.57,1.128,77.9,101.54,93.28
11.43,89.0,3.43,1.94,1.161,78.24,101.97,94.08
11.93,81.53,2.32,1.55,1.121,77.76,100.48,93.9
11.04,86.64,2.84,2.26,1.165,78.19,102.33,94.43
12.88,84.46,2.85,2.57,1.141,78.27,102.55,94.96
10.56,82.9,3.45,2.92,1.195,78.56,103.36,95.61
11.34,84.64,3.69,2.72,1.182,78.47,103.31,95.58
11.84,85.52,3.6,1.66,1.155,78.02,101.77,94.2
11.86,88.27,2.24,2.31,1.137,77.97,101.37,93.57
12.1,82.65,3.61,2.19,1.17,78.42,102.78,95.41
12.16,88.31,2.38,1.73,1.134,77.73,101.19,93.21
11.87,90.44,2.57,3.05,1.171,78.19,102.84,94.02
12.68,87.31,2.74,3.05,1.158,78.32,103.13,94.63
10.72,87.2,3.68,1.96,1.165,78.31,102.58,94.62
12.0,85.97,2.51,1.94,1.135,77.99,101.11,93.87
11.57,83.41,2.23,3.18,1.167,78.23,102.33,94.79
12.08,87.18,2.53,2.63,1.156,78.07,102.47,94.4
12.13,86.84,2.66,2.47,1.154,78.14,102.07,94.26
11.45,87.61,2.9,2.8,1.18,78.38,103.0,94.47
11.62,91.65,2.52,2.02,1.128,77.95,101.0,93.0
12.48,87.6,2.42,2.08,1.16,78.02,101.24,93.8
12.21,86.94,2.22,3.02,1.154,78.16,102.04,94.2
11.59,89.44,3.37,1.64,1.139,78.15,101.88,93.54
13.22,83.04,2.46,3.06,1.174,78.41,102.32,94.96
13.39,83.49,2.51,3.13,1.18,78.25,102.33,94.98
11.12,85.17,3.06,3.27,1.2,78.47,103.35,95.35
12.18,84.56,3.01,1.74,1.157,78.05,101.0,94.09
13.51,87.53,3.17,2.3,1.167,78.49,102.22,94.35
12.47,85.3,2.31,2.97,1.161,78.25,102.37,94.4
12.13,89.83,3.23,2.55,1.175,78.34,102.44,94.33
11.88,89.34,2.51,3.24,1.172,78.47,102.76,94.1
11.68,87.69,3.38,2.7,1.173,78.43,102.82,94.78
11.87,85.15,3.31,3.01,1.202,78.4,103.25,95.31
11.67,87.36,2.75,1.7,1.154,77.83,101.31,93.36
12.45,87.78,3.79,1.56,1.157,78.28,102.25,94.11
11.76,83.65,2.63,2.39,1.149,77.97,102.02,94.87
11.74,86.77,2.26,2.06,1.129,77.77,100.98,93.71
11.28,87.55,3.59,2.63,1.165,78.55,103.54,94.83
11.97,86.48,3.13,1.53,1.134,77.98,101.53,93.79
11.46,89.46,2.88,1.72,1.134,78.05,101.25,93.61
11.89,88.67,2.82,2.2,1.151,78.02,102.22,94.17
12.63,84.18,2.88,2.07,1.139,78.02,101.71,94.61
12.22,86.27,3.45,2.33,1.151,78.31,103.16,94.71
12.3,84.16,3.65,2.12,1.176,78.23,102.86,95.07
12.21,87.28,2.43,2.14,1.157,77.94,101.4,93.76
12.04,84.09,3.59,2.15,1.148,78.3,102.51,95.17
11.92,88.03,3.51,2.75,1.182,78.57,103.03,94.69
11.82,86.85,2.61,1.84,1.145,77.91,101.09,93.73
12.46,88.14,2.38,2.31,1.132,77.97,101.51,93.75
11.35,85.68,3.31,2.03,1.144,78.23,102.53,94.6
12.8,82.8,3.73,1.53,1.155,78.23,102.09,94.63
12.02,89.88,3.46,1.81,1.154,78.24,102.07,93.64
11.55,85.62,3.8,1.68,1.154,78.24,102.39,94.27
11.71,89.03,3.67,2.22,1.189,78.34,102.72,94.37
11.59,86.95,2.66,1.57,1.145,77.8,100.71,93.49
12.1,87.48,2.55,2.19,1.151,77.91,101.25,93.9
11.57,90.03,2.33,2.51,1.147,78.06,102.1,93.48
12.69,86.75,2.25,1.69,1.12,77.75,100.66,93.2
11.53,89.08,3.19,2.45,1.176,78.43,102.95,94.39
10.64,82.73,2.46,2.64,1.152,78.16,102.5,94.91
11.56,87.92,3.49,2.89,1.202,78.6,103.44,94.91
10.79,85.47,3.11,2.42,1.177,78.37,102.63,94.9
11.98,85.71,3.11,2.24,1.154,78.06,102.16,94.76
12.64,86.02,3.1,3.1,1.191,78.44,103.19,95.04
12.39,86.76,2.76,2.29,1.168,78.1,101.96,94.22
11.2,89.65,2.9,3.06,1.184,78.43,102.97,94.33
11.54,81.92,2.59,2.29,1.139,77.97,102.14,94.93
13.07,86.1,3.4,2.21,1.163,78.35,102.48,94.73
12.19,84.42,3.57,2.47,1.174,78.49,103.19,95.29
12.0,88.56,2.36,2.16,1.14,77.99,101.41,93.45
12.63,85.07,2.43,2.29,1.145,78.07,101.76,94.23
13.47,87.0,2.78,2.11,1.145,77.97,102.21,94.11
12.78,85.13,3.41,2.88,1.194,78.6,102.9,95.35
12.08,87.47,2.48,3.12,1.182,78.26,102.89,94.35
12.21,88.23,2.46,1.99,1.131,77.77,101.14,93.71
12.37,85.13,3.47,1.76,1.14,78.16,102.1,94.43
11.63,86.11,2.2,2.65,1.152,78.1,101.7,94.14
11.36,82.88,3.68,2.47,1.181,78.4,102.97,95.56
12.03,86.67,3.06,2.56,1.172,78.16,102.22,94.62
11.43,87.88,3.09,2.55,1.161,78.21,101.91,94.57
11.96,84.78,3.29,3.22,1.195,78.58,104.07,95.43
12.06,88.46,2.33,1.92,1.123,77.66,101.3,93.3
13.4,81.44,2.21,1.62,1.131,77.8,100.56,93.8
11.49,81.93,2.52,3.12,1.187,78.41,102.2,95.26
11.93,82.95,2.7,2.58,1.15,78.18,102.39,94.99
11.9,84.93,2.7,3.28,1.153,78.52,103.4,94.96
12.26,86.04,2.51,2.21,1.139,78.0,101.7,94.17
12.63,85.83,2.79,1.88,1.137,77.89,101.09,94.17
11.71,85.85,2.32,2.2,1.141,78.0,101.27,93.66
11.51,87.59,2.52,1.54,1.126,77.83,100.91,93.19
11.02,84.96,3.62,2.12,1.174,78.24,102.6,95.09
11.44,83.22,2.22,2.61,1.175,77.95,102.03,94.67
12.32,83.26,2.97,2.74,1.165,78.25,102.43,95.31
12.03,90.65,2.78,1.75,1.134,78.03,101.18,93.22
11.39,80.83,3.22,2.22,1.167,78.21,101.71,95.51
11.78,85.61,3.6,2.09,1.15,78.52,102.85,94.8
12.02,89.21,2.56,1.83,1.143,77.84,101.37,93.35
12.3,87.06,2.61,1.93,1.133,77.99,101.27,93.68
11.64,84.17,3.03,2.17,1.142,78.18,101.64,94.78
11.85,86.0,3.75,1.87,1.157,78.25,102.68,94.57
10.91,87.9,3.7,2.1,1.176,78.4,102.34,94.4
11.31,88.66,2.97,3.23,1.193,78.43,102.92,94.62
12.97,84.02,3.06,2.07,1.167,78.13,101.52,94.6
10.69,87.67,3.28,2.73,1.183,78.33,102.62,94.85
11.8,86.56,2.27,1.69,1.117,77.59,100.52,93.22
12.13,88.43,3.71,2.8,1.196,78.58,103.22,94.77
11.78,89.06,3.52,1.84,1.158,78.1,102.46,93.86
11.52,85.24,3.76,2.04,1.194,78.23,102.85,94.83
11.96,82.81,2.42,2.15,1.12,78.01,101.45,94.3
12.0,86.87,2.76,1.6,1.15,77.87,101.01,93.5
11.95,89.91,2.52,2.49,1.16,78.14,101.91,93.74
10.87,87.51,3.59,2.18,1.175,78.47,102.33,94.75
11.91,86.51,3.01,1.94,1.149,78.09,101.89,94.18
11.49,91.28,2.95,2.06,1.146,78.13,101.63,93.55
11.67,83.71,3.52,1.79,1.148,78.08,102.0,94.88
12.14,87.99,2.25,3.12,1.148,78.31,102.46,94.15
12.38,84.75,2.48,2.49,1.172,78.16,101.66,94.44
12.54,86.11,3.33,2.09,1.171,78.14,101.94,94.68
11.7,86.2,3.69,2.11,1.178,78.38,102.93,94.88
12.55,89.33,2.52,1.62,1.132,77.84,100.48,92.96
12.7,83.94,3.64,1.89,1.145,78.23,102.05,94.73
12.68,84.82,3.64,2.32,1.173,78.4,102.57,95.0
12.83,82.5,3.69,1.66,1.16,78.37,101.98,94.82
11.91,87.07,3.34,1.74,1.164,78.05,101.86,94.29
11.9,84.99,2.54,3.25,1.164,78.35,102.0,94.8
12.5,86.93,2.34,1.73,1.13,77.8,100.74,93.42
11.18,83.64,2.22,2.57,1.145,78.03,102.06,94.66
12.13,85.21,2.85,1.65,1.138,77.78,101.59,93.82
11.68,88.29,2.99,3.09,1.173,78.51,103.3,94.58
11.78,85.62,2.35,2.65,1.157,78.19,101.91,94.47
10.96,87.38,2.47,2.42,1.15,78.21,101.84,94.19
11.47,87.16,2.75,2.0,1.126,77.97,101.45,94.06
11.99,85.22,2.22,2.54,1.159,77.94,101.25,94.17
12.53,82.57,2.91,2.74,1.192,78.37,102.7,95.4
12.59,88.17,2.5,3.27,1.165,78.29,103.06,94.18
11.95,86.38,2.23,1.85,1.139,77.81,100.97,93.65
11.89,88.16,3.23,1.74,1.14,78.04,101.77,93.73
11.5,81.57,2.62,2.4,1.148,78.12,102.14,94.96
12.24,82.36,3.41,3.06,1.208,78.54,103.56,95.78
11.85,81.29,2.71,2.68,1.165,78.29,102.62,95.53
12.36,84.07,2.24,3.1,1.178,78.16,102.23,94.52
13.05,88.29,3.27,3.12,1.192,78.74,102.96,94.73
11.98,87.25,2.54,2.39,1.161,78.14,101.95,94.02
11.1,85.92,3.39,1.55,1.146,78.0,101.95,94.02
11.48,86.29,3.55,2.77,1.201,78.44,103.09,95.04
11.13,87.67,3.46,1.79,1.175,78.14,102.14,94.03
11.28,85.34,3.44,2.52,1.184,78.36,103.08,95.0
12.78,86.87,2.44,1.74,1.124,77.76,100.29,93.33
12.14,86.31,3.57,2.22,1.168,78.45,103.3,94.96
11.09,81.19,2.64,2.16,1.137,78.11,101.86,95.04
12.39,85.15,3.3,1.75,1.158,78.0,101.8,94.35
12.76,88.99,2.46,2.67,1.162,78.2,101.77,94.09
11.78,85.13,3.63,2.71,1.18,78.52,102.9,95.25
11.59,85.69,3.71,2.01,1.178,78.37,103.43,94.67
11.8,84.66,2.77,2.17,1.145,78.02,101.72,94.63
12.17,84.93,2.77,1.98,1.163,78.18,101.77,94.22
12.38,88.47,3.47,2.01,1.171,78.24,102.17,94.22
12.71,85.41,2.87,2.35,1.174,78.33,102.03,94.74
12.73,83.75,3.79,2.09,1.166,78.32,102.93,95.02
12.71,79.16,3.31,2.09,1.151,78.32,102.02,95.63
12.82,84.74,3.48,2.2,1.151,78.29,102.54,95.11
12.4,81.67,2.23,2.44,1.151,78.14,101.52,94.57
11.08,81.99,2.74,1.98,1.133,77.99,101.68,94.76
11.92,87.75,2.67,1.5,1.143,77.73,101.16,93.19
12.19,87.56,3.37,2.49,1.176,78.28,102.73,94.66
11.77,81.78,3.22,2.53,1.179,78.28,103.02,95.5
12.55,87.87,2.81,2.33,1.143,78.19,101.91,94.34
11.78,87.01,2.96,3.15,1.177,78.5,103.03,94.78
11.44,84.28,2.76,1.77,1.141,77.95,101.36,94.25
12.87,87.62,2.33,2.11,1.145,78.01,101.23,93.52
12.4,82.42,3.12,2.55,1.157,78.44,102.79,95.39
12.13,83.35,3.36,2.69,1.183,78.35,102.28,95.33
12.56,82.83,2.33,2.2,1.132,78.04,100.95,94.52
12.64,83.55,2.79,1.7,1.146,78.11,100.74,94.16
12.2,87.93,3.14,2.89,1.178,78.39,103.37,94.82
10.53,83.07,2.27,2.45,1.143,77.98,101.83,94.48
11.59,83.47,2.39,2.9,1.166,78.24,102.08,94.78
11.73,83.91,3.09,1.62,1.155,78.01,101.6,94.33
11.41,86.43,3.03,1.93,1.148,78.03,101.35,94.27
12.12,85.25,2.53,2.7,1.172,78.18,102.1,94.53
12.72,87.9,2.85,3.17,1.17,78.57,103.41,94.55
11.71,84.44,2.86,3.13,1.182,78.5,103.16,95.04
11.32,83.16,2.32,2.9,1.148,78.12,102.72,94.81
13.22,84.89,2.77,3.06,1.178,78.24,102.71,94.68
11.73,86.08,2.25,2.54,1.139,77.96,101.99,94.09
11.26,83.94,2.31,2.03,1.136,77.91,101.21,94.26
12.14,86.6,3.1,1.75,1.153,77.97,101.75,94.11
12.26,89.98,3.31,2.42,1.161,78.26,102.71,94.31
11.58,84.71,2.56,2.47,1.136,78.17,102.13,94.57
12.47,86.08,2.91,1.56,1.135,77.89,101.59,93.74
11.71,88.96,3.34,2.79,1.187,78.43,103.11,94.58
11.45,84.55,2.79,2.66,1.167,78.27,102.49,94.94
12.11,84.11,3.17,1.59,1.135,78.12,101.53,94.23
12.46,83.57,3.36,1.99,1.168,78.22,102.28,94.58
11.62,86.85,2.88,2.62,1.163,78.32,102.23,94.71
12.2,87.1,3.01,2.0,1.159,78.1,102.12,94.22
11.94,85.64,3.6,1.67,1.148,78.28,102.26,94.37
13.69,86.06,3.16,1.83,1.155,77.98,101.91,94.08
11.57,88.77,3.34,3.09,1.202,78.47,103.45,94.82
12.83,87.87,3.43,2.68,1.174,78.41,102.89,94.78
11.97,82.88,3.4,3.14,1.19,78.76,103.32,95.5
11.92,85.94,2.55,2.81,1.169,78.35,102.04,94.38
12.43,86.19,2.49,2.33,1.153,77.96,101.5,94.17
12.54,87.54,2.74,2.64,1.166,78.19,102.56,94.31
12.76,85.46,3.22,3.12,1.187,78.58,103.47,95.18
12.2,84.53,3.54,1.62,1.139,78.13,101.6,94.3
11.64,84.94,2.48,1.58,1.127,77.86,100.59,93.71
11.68,82.03,3.34,2.12,1.15,78.19,102.67,95.13
12.31,85.89,3.76,1.89,1.168,78.15,102.92,94.44
12.35,84.63,3.42,2.59,1.155,78.47,103.17,95.14
12.84,86.96,3.62,1.92,1.179,78.35,102.93,94.24
12.25,83.68,3.17,2.69,1.194,78.25,102.64,95.26
12.64,84.98,2.57,2.38,1.156,77.94,101.96,94.47
12.91,83.78,3.14,2.07,1.148,78.12,101.91,94.69
12.1,83.59,2.27,3.21,1.164,78.13,103.06,94.76
11.11,87.47,3.49,2.16,1.177,78.33,102.64,94.69
11.29,84.9,3.05,2.56,1.175,78.2,102.66,95.14
11.14,86.9,3.73,2.51,1.177,78.54,103.28,95.18
12.95,83.46,3.36,2.95,1.198,78.49,103.13,95.61
11.49,86.14,2.36,2.55,1.158,78.09,101.82,94.22
12.74,82.2,3.68,1.79,1.168,78.28,101.73,95.17
12.35,84.87,3.44,2.0,1.159,78.21,102.2,94.82
13.03,84.81,3.6,2.91,1.192,78.5,103.26,95.55
12.6,87.2,2.8,2.54,1.154,78.29,102.48,94.4
11.94,86.31,2.95,3.19,1.185,78.36,103.52,94.74
11.88,85.53,3.09,1.64,1.137,78.11,101.6,93.93
12.05,87.75,3.06,1.53,1.151,77.9,101.12,93.51
12.11,86.33,2.42,2.38,1.148,78.0,101.43,94.18
11.68,87.09,2.94,1.62,1.141,77.97,101.56,93.66
11.98,87.59,2.74,2.02,1.149,78.05,101.55,94.03
12.97,85.76,2.66,2.3,1.154,78.13,101.79,94.24
10.98,85.26,2.26,1.56,1.106,77.6,100.32,93.19
12.16,86.62,2.58,2.79,1.175,78.16,102.4,94.55
11.46,84.99,3.7,2.86,1.193,78.62,103.61,95.44
12.11,86.76,2.32,2.98,1.157,78.25,102.51,94.24
12.5,88.34,3.51,3.02,1.183,78.58,103.32,94.97
11.97,87.78,3.36,1.97,1.153,78.29,102.19,94.34
12.46,85.06,2.99,2.29,1.153,78.17,101.83,94.67
11.05,83.08,2.26,2.47,1.146,78.1,101.71,94.58
12.66,85.78,2.62,3.21,1.167,78.48,102.88,94.57
11.64,85.62,3.27,2.96,1.186,78.52,103.14,95.18
12.37,88.33,2.25,2.78,1.156,78.11,102.23,93.84
12.11,85.06,3.48,2.33,1.166,78.41,102.41,94.87
10.45,85.44,2.6,2.38,1.174,78.13,102.29,94.69
11.55,87.51,3.08,2.28,1.16,78.26,102.37,94.63
12.13,84.85,2.71,2.7,1.167,78.17,102.52,94.87
12.93,85.55,3.63,1.98,1.167,78.31,102.55,94.75
12.17,89.66,3.61,1.6,1.154,78.27,101.85,93.69
12.15,89.17,3.3,2.12,1.169,78.2,102.17,94.11
11.15,87.28,3.04,2.14,1.17,78.16,102.31,94.46
12.86,86.49,2.33,1.8,1.128,77.8,100.95,93.44
13.08,83.77,3.78,2.25,1.169,78.48,103.03,95.09
12.02,87.12,3.72,2.44,1.187,78.29,103.01,94.78
11.87,86.02,3.64,2.3,1.154,78.51,103.08,94.88
11.03,86.38,3.79,2.36,1.182,78.49,103.25,95.1
12.53,84.76,2.61,1.82,1.135,77.89,100.93,94.03
13.62,85.87,2.32,1.7,1.129,77.8,101.32,93.4
12.43,85.49,3.29,2.15,1.148,78.32,102.6,94.68
12.76,86.59,3.6,1.86,1.158,78.25,102.52,94.23
12.33,89.03,3.69,1.84,1.154,78.3,102.48,94.2
11.41,86.69,2.63,2.11,1.14,78.11,101.61,94.37
12.8,82.26,2.62,2.25,1.154,78.07,101.98,94.89
11.26,83.77,3.48,1.63,1.151,78.17,102.59,94.51
11.87,82.42,2.59,1.6,1.124,77.95,100.96,94.21
12.17,84.15,3.44,1.72,1.166,78.17,101.71,94.42
12.53,87.12,3.02,3.06,1.181,78.41,103.1,94.77
12.25,86.78,2.71,1.71,1.115,77.96,101.25,93.51
12.23,84.58,2.63,3.19,1.165,78.55,103.1,94.99
11.54,86.48,2.35,3.06,1.168,78.23,102.11,94.38
11.23,84.23,2.39,1.79,1.134,77.87,100.9,93.87
12.04,82.78,3.44,2.65,1.182,78.48,102.98,95.52
11.57,82.81,2.71,2.76,1.168,78.33,102.7,95.06
11.22,84.01,2.44,3.09,1.158,78.26,102.82,94.79
11.24,89.01,3.12,3.2,1.186,78.54,103.42,94.77
11.71,82.95,3.15,2.53,1.158,78.47,102.9,95.34
10.89,88.62,3.57,2.55,1.172,78.51,103.11,94.82
11.19,88.81,2.34,2.6,1.142,78.05,101.91,93.73
11.02,85.49,2.67,2.65,1.152,78.27,101.69,94.71
12.11,85.78,3.8,2.6,1.184,78.54,103.13,95.14
12.24,84.55,3.53,2.14,1.165,78.42,102.28,94.95
13.2,85.84,2.22,1.58,1.112,77.58,100.71,93.12
11.1,87.34,2.23,1.89,1.139,77.83,100.98,93.15
11.59,85.91,2.63,2.08,1.139,78.08,101.31,94.26
12.55,88.08,3.25,2.85,1.195,78.35,103.1,94.77
11.87,88.49,3.43,2.85,1.195,78.45,103.25,94.75
11.8,86.64,3.57,2.8,1.175,78.57,103.45,95.09
13.03,86.61,2.93,2.24,1.164,78.16,101.93,94.37
11.8,85.75,2.33,1.52,1.107,77.7,100.45,93.24
11.31,86.65,3.57,1.77,1.172,78.21,102.48,94.3
11.21,83.44,3.58,2.22,1.174,78.23,102.64,95.21
12.2,86.78,2.3,2.99,1.151,78.15,102.54,94.2
12.18,86.34,3.07,3.17,1.163,78.65,103.05,95.09
11.18,83.99,3.01,1.97,1.146,78.03,101.78,94.73
11.41,90.61,2.84,2.69,1.152,78.31,102.4,94.04
12.32,83.75,3.69,2.47,1.191,78.45,102.85,95.42
12.35,83.98,2.94,2.45,1.149,78.29,102.49,94.94
11.61,86.5,3.69,2.16,1.17,78.38,102.41,94.73
12.37,81.63,2.3,2.21,1.143,77.98,101.44,94.41
12.34,84.15,3.24,3.0,1.184,78.6,102.71,95.37
10.93,82.54,3.71,2.74,1.191,78.58,103.6,95.9
11.81,83.76,3.5,2.96,1.187,78.44,103.48,95.54
12.25,85.59,3.49,2.58,1.186,78.39,103.31,95.02
11.66,86.59,2.21,1.72,1.114,77.87,101.24,93.28
10.72,88.31,3.79,2.7,1.195,78.65,103.29,94.92
11.83,87.65,2.42,3.14,1.156,78.29,102.58,94.27
12.45,88.48,2.34,2.47,1.149,77.93,101.4,93.78
12.95,87.17,2.82,2.02,1.135,77.99,101.58,94.08
10.69,84.85,2.58,1.66,1.128,78.01,101.05,93.84
13.57,88.33,2.8,1.68,1.142,78.02,101.3,93.29
11.32,84.81,3.2,2.08,1.169,78.27,102.35,94.95
12.57,84.53,3.62,2.83,1.171,78.43,103.56,95.42
12.74,89.24,3.45,1.67,1.144,78.01,102.17,93.55
12.59,87.61,3.76,2.54,1.174,78.46,103.07,94.85
12.09,86.36,3.07,2.71,1.184,78.25,102.78,94.96
11.3,87.53,2.5,2.35,1.139,78.07,101.48,93.9
12.38,87.81,2.4,3.15,1.174,78.21,102.52,94.3
11.57,82.89,3.0,1.74,1.138,78.04,100.87,94.55
10.49,85.67,3.75,2.55,1.17,78.49,103.22,95.44
13.7,83.29,3.41,2.95,1.188,78.49,103.37,95.58
12.42,86.15,3.31,2.3,1.155,78.34,102.4,94.74
13.09,84.4,2.65,1.59,1.137,77.88,100.93,93.89
11.45,88.86,3.2,1.7,1.155,78.06,101.28,93.8
12.88,87.02,2.79,3.1,1.189,78.37,102.74,94.61
12.95,84.09,2.51,3.19,1.161,78.35,102.57,94.89
12.93,85.84,2.42,3.15,1.183,78.16,102.64,94.44
11.99,83.22,3.77,2.45,1.191,78.32,103.27,95.6
11.28,85.97,2.7,3.15,1.157,78.34,102.76,94.69
11.89,87.08,2.7,2.1,1.167,78.05,101.63,94.05
10.68,86.46,3.11,1.76,1.162,78.18,101.77,93.93
10.98,81.64,2.93,1.75,1.131,78.01,101.27,94.82
12.06,85.14,2.92,3.13,1.183,78.38,103.33,94.88
11.41,87.0,3.36,2.84,1.169,78.45,103.7,94.88
11.9,86.55,2.88,3.11,1.177,78.33,103.1,94.86
11.93,88.42,2.41,1.8,1.132,77.84,100.91,93.2
13.16,83.05,2.39,2.24,1.147,77.98,101.55,94.41
12.78,87.03,2.3,2.77,1.146,78.14,102.31,93.95
11.97,84.44,2.49,2.74,1.158,78.21,102.5,94.66
12.73,86.3,3.1,2.75,1.164,78.46,102.47,94.69
11.53,86.77,3.32,2.92,1.187,78.55,103.31,95.05
11.8,87.39,2.97,2.53,1.17,78.17,102.24,94.62
12.55,84.61,2.6,2.4,1.152,78.17,101.8,94.65
11.26,86.28,2.34,3.22,1.179,78.23,102.65,94.43
11.83,83.31,3.69,1.63,1.164,78.2,102.26,94.77
11.21,82.77,2.22,2.21,1.14,77.93,101.23,94.42
12.07,87.1,3.04,2.36,1.173,78.36,102.1,94.61
12.98,85.75,2.74,2.62,1.149,78.22,102.25,94.66
11.55,82.31,2.84,2.23,1.152,78.11,101.7,95.08
12.14,84.0,2.25,2.57,1.13,78.04,102.18,94.34
11.46,85.92,2.33,3.04,1.162,78.31,101.98,94.17
11.31,89.29,2.96,2.14,1.148,78.15,102.12,94.04
11.26,88.17,3.26,3.09,1.195,78.52,103.39,94.82
12.87,87.63,2.47,2.22,1.139,78.07,101.57,94.01
13.42,81.95,2.83,2.15,1.144,78.26,101.59,94.77
12.29,85.66,3.51,1.65,1.152,78.25,101.84,94.3
11.57,86.92,2.39,2.53,1.148,78.2,101.75,94.03
12.42,86.74,3.11,2.52,1.172,78.26,102.43,94.7
11.8,86.79,3.42,3.09,1.182,78.58,103.47,95.02
12.48,85.36,2.84,2.09,1.134,78.08,101.81,94.45
12.17,89.74,3.56,1.94,1.146,78.11,102.24,93.96
12.17,89.12,3.6,2.77,1.198,78.67,103.46,94.76
12.36,85.67,3.55,2.65,1.169,78.37,103.34,95.16
11.65,83.72,2.37,2.79,1.152,78.2,101.98,94.77
11.76,90.39,2.99,1.83,1.134,77.93,101.83,93.59
10.97,84.66,2.36,1.97,1.142,77.9,101.18,94.08
11.73,88.5,2.4,1.74,1.122,77.89,100.81,93.13
11.15,90.07,3.79,2.51,1.196,78.54,103.35,94.62
11.91,83.8,3.11,1.61,1.135,77.92,101.78,94.27
11.43,86.51,2.39,2.89,1.163,78.16,102.16,94.39
12.06,85.11,3.11,2.52,1.175,78.38,102.1,94.95
12.27,87.0,3.41,2.96,1.196,78.54,103.56,94.94
11.15,86.58,3.34,1.52,1.133,78.04,101.89,93.57
11.51,90.15,3.07,3.0,1.176,78.53,102.79,94.44
11.43,87.17,3.03,2.44,1.162,78.05,102.35,94.47
12.45,85.85,2.24,2.42,1.125,78.03,101.67,94.07
13.02,88.35,3.1,3.15,1.192,78.61,102.68,94.82
12.51,85.27,3.62,1.61,1.158,78.29,102.22,94.12
11.79,85.07,2.43,2.19,1.146,78.04,101.66,94.29
12.88,90.79,3.45,1.8,1.142,78.1,102.27,93.54
11.09,84.07,3.44,2.57,1.178,78.49,103.31,95.42
12.9,84.8,3.6,2.12,1.172,78.46,102.33,94.8
11.61,85.97,2.84,1.61,1.145,77.86,101.47,93.78
10.33,83.55,3.03,2.89,1.17,78.35,103.47,95.45
13.59,81.23,3.02,2.44,1.169,78.24,101.81,95.56
12.95,88.19,3.66,2.88,1.21,78.56,103.44,95.05
11.38,84.14,2.7,3.2,1.172,78.25,103.09,95.16
12.1,84.68,3.36,2.04,1.156,78.03,102.08,94.77
11.87,85.05,2.54,2.72,1.155,78.09,101.74,94.86
12.06,83.71,3.01,2.58,1.152,78.24,102.6,95.16
11.11,83.51,2.41,2.88,1.156,78.25,102.29,94.86
11.59,86.22,3.58,2.26,1.187,78.31,102.54,94.87
12.28,91.15,2.69,3.25,1.168,78.44,103.02,94.0
12.13,87.49,3.76,1.72,1.159,78.33,102.53,94.19
12.72,87.51,3.06,2.29,1.171,78.44,102.49,94.33
12.05,82.56,2.65,2.43,1.159,78.2,102.09,94.99
13.41,85.82,3.27,2.16,1.163,78.15,101.99,94.8
11.57,83.27,2.69,3.05,1.168,78.44,102.66,95.36
12.16,87.57,3.25,2.05,1.157,78.18,101.59,94.34
10.85,85.37,2.45,2.19,1.142,78.02,101.24,94.26
11.25,85.95,2.54,2.59,1.162,78.23,102.09,94.45
12.8,85.68,2.21,3.13,1.163,78.3,102.47,94.36
11.43,84.59,3.71,1.89,1.174,78.16,102.43,94.77
12.32,82.52,2.75,2.04,1.127,77.94,101.63,94.77
11.96,87.15,2.5,2.73,1.166,78.21,101.68,94.23
11.37,82.83,2.8,1.51,1.126,77.92,100.75,94.04
11.79,83.27,2.55,2.69,1.158,78.36,101.89,94.95
11.69,85.22,3.32,1.53,1.141,78.08,101.48,94.06
11.71,84.32,3.08,2.65,1.176,78.31,102.52,95.12
12.45,86.45,3.22,2.67,1.173,78.35,103.38,94.88
12.39,88.09,3.45,2.1,1.17,78.21,102.66,94.35
11.65,86.42,3.56,2.29,1.164,78.26,102.49,94.81
11.46,86.3,2.3,2.67,1.153,78.01,101.73,94.12
12.17,85.92,2.75,2.64,1.174,78.19,102.18,94.64
11.94,87.76,2.8,2.4,1.167,78.17,101.94,94.34
12.62,81.81,3.09,2.77,1.17,78.32,102.68,95.69
13.59,86.68,2.67,2.71,1.163,78.23,101.8,94.45
12.51,83.82,2.57,2.92,1.162,78.25,102.75,94.9
11.98,83.16,2.57,1.63,1.128,77.82,101.14,94.0
11.9,85.88,2.26,2.58,1.148,78.03,101.91,94.32
11.49,85.02,2.72,2.53,1.17,78.21,102.19,94.84
11.46,87.15,2.7,2.29,1.156,78.1,101.98,94.15
11.4,88.29,2.27,3.21,1.18,78.07,102.39,94.01
11.76,80.75,3.01,2.83,1.189,78.4,102.3,95.72
11.74,85.71,3.69,1.84,1.15,78.25,102.38,94.52
12.45,90.18,2.81,3.1,1.179,78.36,102.91,94.01
11.76,87.78,3.03,3.12,1.178,78.49,102.82,94.75
11.88,89.05,3.26,1.62,1.13,77.98,101.1,93.41
11.27,86.09,3.64,1.83,1.151,78.24,102.58,94.44
12.99,82.71,2.45,2.16,1.136,77.91,101.21,94.67
12.3,83.4,2.53,1.75,1.148,77.92,101.02,94.18
13.07,87.44,3.22,3.14,1.188,78.57,103.19,94.77
12.48,87.98,2.62,2.17,1.144,77.92,102.07,93.79
12.89,84.26,3.23,2.04,1.157,78.12,101.74,94.68
11.85,85.28,2.99,3.14,1.174,78.53,103.4,94.95
12.43,86.45,2.39,2.46,1.15,78.09,101.11,94.02
13.62,82.02,2.54,2.89,1.163,78.27,102.62,95.09
11.27,85.1,2.53,2.96,1.149,78.19,102.33,94.66
12.71,89.43,2.84,3.18,1.174,78.39,102.46,94.4
13.02,90.68,2.78,2.39,1.189,78.17,102.07,93.73
12.25,85.63,2.37,2.0,1.141,77.92,101.17,93.8
12.46,89.9,2.86,3.11,1.177,78.43,102.56,94.43
12.77,84.72,3.14,2.96,1.187,78.39,103.16,95.28
11.6,84.09,3.57,1.66,1.145,78.13,102.01,94.55
12.25,80.95,2.7,3.0,1.172,78.3,102.8,95.72
11.47,87.98,3.41,2.52,1.183,78.3,102.49,94.82
11.59,85.05,2.85,2.4,1.142,78.09,101.94,94.7
11.62,91.02,2.22,1.73,1.116,77.7,100.49,92.55
11.91,86.6,2.77,1.75,1.134,77.82,101.34,93.76
12.09,86.29,2.57,2.95,1.163,78.32,102.35,94.42
12.28,81.9,3.43,2.82,1.178,78.56,102.95,95.96
11.13,89.17,3.11,3.16,1.188,78.59,103.62,94.76
13.22,85.07,2.57,2.62,1.167,78.11,101.97,94.44
12.71,85.52,2.87,3.2,1.184,78.4,103.35,95.02
12.45,81.02,2.75,1.93,1.152,78.01,101.71,94.72
11.78,87.91,3.43,2.96,1.198,78.51,103.19,94.99
11.95,88.05,3.35,2.91,1.178,78.48,102.77,94.8
12.34,84.54,2.51,2.59,1.157,78.12,102.06,94.59
12.25,86.08,3.06,3.14,1.18,78.37,103.37,95.14
10.97,86.74,2.84,1.94,1.151,78.12,101.89,94.12
12.46,87.99,2.69,2.42,1.151,78.03,102.1,94.11
13.79,86.1,3.77,2.76,1.189,78.46,103.6,95.21
10.86,89.66,3.35,2.34,1.185,78.38,102.42,94.29
12.61,85.34,2.83,3.18,1.177,78.36,102.83,95.06
12.23,84.54,2.92,1.73,1.125,78.06,102.25,94.2
11.93,84.85,3.45,1.86,1.159,78.21,102.42,94.7
12.84,80.29,2.82,2.6,1.165,78.27,102.01,95.62
11.27,84.1,3.53,1.51,1.145,78.05,101.89,94.39
12.1,88.09,3.24,1.75,1.15,77.97,101.9,93.76
12.9,86.46,3.21,2.59,1.182,78.26,102.27,94.99
11.88,84.08,3.03,2.27,1.153,78.2,102.09,94.92
11.74,86.65,3.07,3.22,1.184,78.52,103.44,95.15
12.07,81.44,2.76,2.35,1.147,78.04,102.41,95.16
11.73,85.25,2.44,2.2,1.145,77.9,101.9,94.17
12.95,87.03,2.28,3.14,1.163,78.19,102.32,94.11
11.44,87.41,2.75,3.19,1.168,78.41,102.86,94.75
12.54,84.18,2.42,2.69,1.153,78.18,101.92,94.58
11.23,87.89,3.16,2.69,1.191,78.45,102.85,94.73
12.41,89.99,3.47,1.63,1.135,78.08,102.11,93.33
11.94,84.94,3.38,1.55,1.133,78.16,101.44,94.1
10.41,87.51,2.68,3.03,1.174,78.4,102.64,94.6
12.0,82.45,3.11,3.18,1.172,78.64,103.15,95.64
11.34,81.56,3.58,2.26,1.191,78.29,102.53,95.44
11.73,87.23,2.65,1.87,1.123,77.98,101.2,93.81
12.95,85.98,2.27,2.79,1.141,78.22,102.46,94.09
11.31,86.32,3.49,1.59,1.146,77.96,102.3,94.24
11.35,84.6,2.99,3.0,1.188,78.5,103.33,95.2
12.89,85.24,3.22,2.25,1.171,78.27,101.93,95.01
12.07,87.67,3.72,2.26,1.181,78.47,102.94,94.72
12.95,89.66,2.7,2.4,1.157,78.15,102.59,93.88
12.2,85.41,2.75,2.21,1.163,78.17,101.93,94.41
11.46,82.25,3.0,1.64,1.122,77.93,101.24,94.52
11.96,88.69,3.17,2.55,1.172,78.29,102.78,94.5
12.76,87.21,3.34,1.94,1.171,78.23,102.04,94.06
12.58,87.39,2.27,2.77,1.143,78.19,101.88,94.06
12.0,86.29,2.79,2.58,1.164,78.12,102.35,94.49
12.03,91.0,2.63,2.13,1.157,78.12,101.73,93.37
11.93,86.05,2.62,2.39,1.164,78.2,101.85,94.13
11.64,87.02,3.24,1.92,1.153,78.22,101.98,94.31
13.19,81.81,2.71,2.33,1.17,78.06,101.66,95.11
12.0,84.61,3.31,2.16,1.167,78.34,102.33,94.94
11.3,84.38,2.3,2.43,1.155,78.07,101.8,94.41
11.71,85.82,2.93,3.29,1.174,78.58,103.27,95.0
12.45,86.65,3.13,1.58,1.134,77.98,101.44,93.79
12.4,84.24,3.23,1.65,1.139,78.01,101.3,94.43
11.92,89.7,2.8,1.56,1.15,77.82,101.41,93.02
11.59,83.54,3.16,1.81,1.126,78.03,101.49,94.7
12.01,84.9,3.71,1.85,1.146,78.32,102.56,94.76
10.97,86.41,3.03,2.34,1.168,78.15,102.16,94.64
11.2,83.13,2.82,2.85,1.171,78.28,102.83,95.32
12.49,87.14,2.5,2.14,1.113,78.01,101.75,93.9
11.7,87.28,2.29,2.27,1.136,77.95,101.35,93.72
12.23,85.24,2.51,3.16,1.167,78.18,101.89,94.95
12.75,90.09,2.92,1.9,1.157,77.98,101.13,93.46
12.4,86.07,2.64,1.82,1.118,77.89,101.02,94.01
12.01,86.51,2.34,1.6,1.117,77.88,100.47,93.28
13.31,83.77,3.35,1.69,1.16,78.14,101.91,94.26
12.41,82.2,3.66,1.82,1.169,78.15,102.8,95.07
11.78,84.5,3.47,2.58,1.169,78.34,103.14,95.39
12.45,85.18,3.71,2.03,1.166,78.28,102.56,94.9
12.25,84.88,3.17,2.61,1.157,78.37,103.05,95.0
11.47,87.58,2.5,2.58,1.167,78.08,101.95,94.19
12.05,80.63,3.36,2.95,1.182,78.56,103.51,95.89
11.9,83.39,3.57,1.55,1.164,78.0,101.99,94.37
10.79,81.87,3.41,2.08,1.171,78.27,101.87,95.36
11.89,88.84,3.42,1.77,1.146,78.23,102.25,93.88
11.83,84.64,2.8,2.23,1.15,77.9,102.35,94.81
11.73,84.75,3.31,2.61,1.181,78.39,102.77,95.24
10.99,83.46,3.5,1.51,1.153,78.09,101.98,94.52
11.78,87.87,2.66,2.82,1.18,78.3,102.56,94.24
11.98,84.98,2.58,3.02,1.179,78.32,102.52,94.7
12.06,86.38,2.7,2.7,1.165,78.23,102.24,94.52
11.3,81.41,2.29,3.15,1.171,78.29,102.68,95.3
12.39,88.47,2.38,2.24,1.135,77.99,101.32,93.49
11.25,86.76,2.82,2.05,1.141,78.06,101.58,94.05
11.86,87.1,3.06,2.44,1.17,78.38,102.62,94.59
12.8,88.61,3.48,2.8,1.188,78.59,103.48,94.81
11.57,85.46,2.52,1.88,1.124,77.97,101.61,93.78
11.68,85.52,2.22,1.67,1.121,77.69,100.52,93.28
12.66,87.47,3.45,1.6,1.143,78.05,101.51,93.68
11.76,86.83,2.63,2.19,1.141,78.12,101.96,94.27
11.82,85.35,2.45,2.11,1.152,77.88,101.02,94.19
12.14,85.99,2.6,2.24,1.138,78.13,101.6,94.29
12.65,84.78,2.49,1.55,1.119,77.67,100.74,93.49
10.64,87.47,3.65,2.84,1.195,78.74,103.9,95.03
11.49,87.95,3.43,1.96,1.161,78.3,102.24,94.27
11.38,85.9,2.85,2.02,1.149,78.01,101.41,94.26
11.33,90.03,3.47,1.54,1.135,78.04,101.78,93.29
11.47,82.5,3.12,3.06,1.183,78.33,103.51,95.54
11.48,85.38,2.89,1.53,1.131,77.89,100.73,93.78
12.19,89.66,2.76,1.99,1.136,78.1,101.25,93.5
11.45,84.96,3.13,2.81,1.17,78.45,103.15,95.26
12.08,82.37,3.77,2.07,1.169,78.33,102.74,95.15
12.25,88.97,2.78,1.66,1.143,78.06,100.97,93.34
11.55,87.1,3.53,2.4,1.193,78.43,102.79,94.86
12.08,83.26,2.57,2.4,1.152,78.13,101.89,94.91
13.01,87.6,2.98,2.97,1.191,78.39,102.64,94.62
12.2,83.64,2.57,2.41,1.152,78.14,101.73,94.58
11.61,82.94,2.91,1.68,1.125,78.16,101.75,94.33
11.96,85.56,2.42,1.93,1.135,77.93,101.26,93.97
11.44,84.83,2.9,2.5,1.174,78.1,102.59,94.87
12.17,83.47,3.39,3.14,1.205,78.61,103.54,95.57
12.53,85.09,2.35,3.25,1.161,78.47,102.47,94.51
11.5,83.68,2.86,2.91,1.194,78.45,102.81,95.23
11.87,86.03,2.73,2.81,1.159,78.25,102.27,94.69
12.68,85.84,3.3,1.53,1.138,78.05,101.7,93.75
11.69,87.54,3.59,1.58,1.148,78.01,101.88,93.81
12.12,84.89,2.99,1.89,1.161,78.1,101.63,94.5
11.37,82.96,3.15,1.83,1.153,78.01,101.72,94.91
11.5,82.99,3.17,2.89,1.188,78.4,102.79,95.53
11.69,85.35,3.15,3.01,1.161,78.43,103.49,95.13
13.31,89.28,2.81,2.7,1.165,78.22,102.07,94.27
11.75,87.77,2.92,3.15,1.179,78.59,103.13,94.67
11.68,84.48,2.35,3.07,1.171,78.37,102.08,94.56
11.66,87.97,2.22,3.04,1.156,78.19,102.47,93.94
11.9,83.34,2.34,2.75,1.167,78.15,101.98,94.79
12.39,88.13,2.36,2.9,1.153,78.34,102.28,94.17
12.11,85.05,2.56,1.63,1.116,77.81,101.08,93.63
13.23,87.59,3.59,2.54,1.164,78.42,103.15,94.8
12.13,87.27,3.56,2.93,1.202,78.51,103.51,94.98
12.87,85.28,2.35,1.67,1.133,77.9,100.9,93.56
12.17,86.62,3.34,3.02,1.18,78.55,103.45,95.08
12.36,83.54,2.49,3.1,1.179,78.31,102.46,94.97
11.13,85.73,2.24,2.88,1.155,78.13,102.01,94.21
11.92,88.29,3.2,2.19,1.16,78.15,102.21,94.27
11.96,94.94,2.81,2.05,1.133,78.12,101.53,92.82
11.85,87.45,2.96,2.4,1.155,78.15,102.12,94.1
10.71,86.09,2.46,1.52,1.125,77.72,101.08,93.41
12.53,83.66,3.04,1.84,1.149,77.92,101.34,94.56
11.77,88.23,2.36,1.95,1.128,77.79,101.56,93.37
11.74,82.24,2.43,3.06,1.176,78.24,102.34,95.08
11.85,84.13,2.66,2.67,1.175,78.18,102.42,94.9
11.86,86.69,2.22,2.69,1.143,77.97,101.84,94.03
12.24,83.24,3.42,2.25,1.172,78.26,102.51,95.11
11.24,89.3,2.96,3.12,1.166,78.45,103.23,94.5
11.44,88.31,2.58,2.41,1.156,77.9,102.31,94.04
12.17,84.64,3.37,2.11,1.153,78.28,102.31,94.88
12.09,84.67,2.96,1.56,1.136,77.91,101.29,93.83
11.77,82.99,3.29,1.8,1.154,78.01,101.77,94.77
11.66,82.81,2.61,1.9,1.136,77.92,101.85,94.36
11.5,86.88,3.35,2.22,1.175,78.3,102.74,94.67
11.96,87.27,3.68,2.74,1.18,78.54,103.66,95.12
12.71,86.67,2.57,2.08,1.138,77.99,101.5,94.04
11.37,86.48,2.78,1.86,1.144,77.98,100.99,93.97
12.91,84.66,2.95,2.92,1.175,78.44,102.97,95.03
12.51,86.69,3.03,1.8,1.148,77.93,101.2,93.96
11.73,82.65,2.96,1.76,1.141,77.95,101.36,94.63
12.47,85.92,3.37,2.47,1.165,78.39,103.0,94.87
11.12,89.15,3.49,2.59,1.186,78.44,102.87,94.55
10.96,88.82,3.6,1.53,1.153,78.02,101.73,93.37
11.23,84.88,3.24,2.58,1.181,78.34,102.22,95.08
11.75,85.16,3.45,1.89,1.171,78.13,102.35,94.54
11.8,88.94,3.14,1.98,1.15,78.12,102.06,93.91
11.69,89.84,3.41,1.64,1.144,77.96,101.72,93.65
12.06,82.6,2.45,3.2,1.166,78.21,102.75,94.97
10.72,84.96,3.38,1.95,1.152,78.08,101.77,94.62
12.3,86.42,2.7,2.28,1.132,78.08,101.62,94.36
11.15,88.59,2.57,1.75,1.149,78.07,101.17,93.26
11.6,84.05,3.75,1.88,1.17,78.35,102.69,94.88
11.75,87.32,3.4,2.79,1.205,78.57,103.15,94.93
11.31,85.24,3.38,2.05,1.156,78.22,101.97,94.77
11.18,91.15,2.56,2.61,1.162,78.28,101.97,93.6
11.4,86.85,3.79,2.2,1.178,78.42,103.16,94.88
11.99,85.6,2.55,2.41,1.15,78.1,101.71,94.55
12.35,85.16,2.5,2.12,1.151,78.06,101.54,94.09
12.34,88.23,3.38,1.94,1.158,78.09,102.26,94.09
11.4,87.4,2.92,2.66,1.166,78.12,102.37,94.68
11.53,83.51,2.45,1.76,1.132,77.75,101.02,94.01
11.45,86.38,3.62,2.53,1.159,78.56,102.63,94.94
12.27,82.94,3.01,1.7,1.135,78.06,101.35,94.43
10.78,84.23,2.58,1.7,1.125,77.88,101.08,94.09
12.74,83.04,3.05,2.28,1.176,78.18,102.38,94.99
11.71,82.97,2.48,1.68,1.134,77.81,101.26,94.05
11.53,84.38,3.12,1.75,1.154,78.07,101.56,94.46
12.2,83.74,2.22,1.91,1.135,77.75,101.06,93.81
12.62,87.07,3.48,2.68,1.18,78.53,103.09,94.95
12.21,87.66,3.03,1.91,1.165,77.99,101.56,94.06
12.63,85.37,2.95,1.52,1.134,78.01,101.04,93.85
12.08,83.43,2.72,2.36,1.14,78.1,101.96,94.96
12.74,87.68,2.35,2.54,1.156,78.0,101.8,93.75
12.75,81.43,2.91,1.6,1.148,77.9,101.1,94.56
11.94,81.63,2.44,2.38,1.148,77.97,102.39,94.96
12.86,87.51,3.64,1.6,1.159,78.13,102.02,93.96
12.1,87.35,3.1,2.01,1.163,77.98,102.12,94.13
12.05,88.05,2.82,3.16,1.193,78.39,102.92,94.64
11.45,85.42,3.21,2.01,1.162,78.16,102.76,94.65
11.83,83.11,2.92,3.27,1.2,78.53,102.66,95.34
12.47,84.78,3.59,2.27,1.175,78.33,102.65,95.18
11.21,87.15,3.05,2.33,1.181,78.31,102.31,94.46
12.39,84.21,2.44,3.24,1.158,78.21,102.99,94.72
12.21,84.35,2.57,1.89,1.146,77.9,101.26,94.19
12.17,82.82,2.38,3.2,1.171,78.27,102.33,94.91
10.68,83.33,3.66,2.65,1.186,78.51,103.65,95.67
11.94,87.76,3.05,2.55,1.155,78.27,102.68,94.51
12.39,86.91,2.79,3.1,1.187,78.51,102.83,94.71
11.54,83.34,3.09,3.04,1.18,78.47,103.06,95.57
12.05,83.51,3.31,2.72,1.169,78.36,102.92,95.44
10.57,84.66,3.27,2.9,1.176,78.67,103.18,95.46
12.4,87.11,3.5,2.73,1.181,78.49,102.76,95.01
11.6,83.32,2.71,1.97,1.144,77.98,101.55,94.49
12.52,85.53,2.51,3.04,1.159,78.36,102.39,94.71
10.89,81.16,2.98,1.5,1.127,77.86,101.36,94.57
12.42,83.12,3.16,3.05,1.188,78.48,103.29,95.53
11.86,86.83,3.59,1.82,1.16,78.27,101.97,94.42
12.48,87.89,3.03,2.78,1.192,78.27,103.09,94.74
11.44,83.35,3.23,2.15,1.156,78.17,102.43,95.16
11.63,84.19,2.26,3.11,1.17,78.31,102.13,94.48
13.35,87.66,3.44,3.06,1.208,78.72,103.24,94.93
11.5,85.04,2.82,1.95,1.143,78.01,101.42,94.34
11.58,84.71,3.55,2.68,1.193,78.48,103.26,95.32
11.83,87.05,3.27,1.56,1.148,78.1,101.92,93.81
11.39,86.34,2.37,2.88,1.16,78.08,101.99,94.33
12.71,88.36,3.61,2.14,1.185,78.27,102.42,94.53
13.04,87.66,3.6,1.82,1.151,78.15,102.37,94.15
11.58,84.63,3.13,2.13,1.152,78.01,102.1,94.81
10.96,85.64,3.05,1.85,1.131,77.83,101.71,94.41
12.7,85.77,2.81,2.33,1.154,78.11,102.0,94.6
12.67,82.91,3.13,1.87,1.16,78.15,101.74,94.87
12.49,83.75,3.17,1.88,1.149,78.15,102.31,94.72
12.69,88.05,3.76,1.93,1.176,78.39,102.78,94.26
11.48,82.4,2.38,1.99,1.128,77.68,101.11,94.41
11.9,88.1,3.11,2.3,1.173,78.21,102.61,94.16
11.17,86.54,3.26,1.7,1.147,78.17,102.22,93.95
11.15,85.6,2.86,2.5,1.157,78.15,102.39,94.87
12.59,87.09,3.11,2.04,1.17,78.03,102.08,94.24
11.6,86.96,2.38,2.64,1.153,78.15,101.82,94.34
13.37,88.58,3.1,2.35,1.169,78.24,102.38,94.42
12.04,85.02,3.35,2.34,1.17,78.36,102.64,94.88
11.62,85.4,3.45,2.02,1.169,78.23,102.64,94.76
12.48,85.36,2.72,3.14,1.177,78.49,102.63,95.16
13.08,90.06,3.13,3.22,1.176,78.6,102.96,94.32
12.29,87.99,2.3,3.16,1.168,78.29,102.33,94.08
11.27,83.87,2.29,2.85,1.161,78.13,102.18,94.63
12.22,85.17,3.13,1.72,1.15,78.08,101.14,94.19
12.83,84.35,2.68,2.36,1.151,78.06,101.88,94.63
11.7,85.94,3.09,2.38,1.181,78.32,102.16,94.76
11.54,86.38,2.24,3.29,1.161,78.39,102.27,94.37
12.61,90.97,2.76,2.8,1.168,78.36,102.55,93.83
12.08,81.88,2.49,3.11,1.171,78.21,102.88,95.28
11.34,88.18,3.02,2.68,1.16,78.36,102.3,94.48
11.77,86.87,2.59,1.76,1.122,77.91,101.2,93.68
11.55,84.36,3.13,3.13,1.192,78.58,103.21,95.4
12.18,85.58,2.87,3.22,1.188,78.34,103.26,94.92
12.07,84.82,3.33,1.53,1.147,77.98,101.64,94.13
12.69,86.02,3.69,1.7,1.144,78.19,102.04,94.21
12.43,88.14,2.56,2.51,1.151,78.24,102.19,93.96
11.06,82.56,3.7,1.74,1.163,78.17,102.36,95.08
12.24,88.81,2.68,1.58,1.137,77.92,100.77,92.94
12.54,85.09,2.34,2.28,1.153,77.99,100.98,94.19
12.27,89.23,3.12,2.42,1.17,78.42,102.26,94.32
12.62,86.82,2.28,2.27,1.15,77.99,101.46,93.72
11.67,88.64,2.91,3.18,1.197,78.34,103.29,94.66
11.43,87.17,2.72,2.64,1.139,78.2,102.15,94.56
12.56,88.31,2.98,2.9,1.185,78.41,102.75,94.4
11.36,86.04,3.17,3.29,1.186,78.68,103.03,95.22
10.7,84.08,3.22,2.12,1.164,78.25,102.07,95.02
12.62,87.4,2.87,3.04,1.179,78.38,102.93,94.57
11.57,87.49,2.79,3.17,1.168,78.32,102.81,94.7
11.82,90.55,2.9,3.2,1.173,78.47,103.08,94.31
11.16,81.5,2.44,2.91,1.166,78.22,102.07,95.16
11.2,85.49,2.91,1.91,1.144,78.13,101.41,94.13
11.31,88.26,3.14,1.61,1.15,78.07,101.6,93.66
11.78,83.16,2.52,3.03,1.164,78.18,102.13,94.98
12.22,85.42,3.04,2.11,1.175,77.96,102.0,94.41
10.62,90.59,2.43,1.79,1.128,77.81,101.31,92.92
12.45,89.05,2.57,2.33,1.169,78.09,101.63,93.56
11.29,83.99,2.23,1.87,1.121,77.74,100.78,93.82
11.36,89.07,2.88,3.09,1.184,78.38,102.76,94.6
12.41,88.54,2.56,1.72,1.143,77.95,100.74,92.97
11.96,87.64,3.56,2.76,1.173,78.57,103.12,94.94
11.08,86.77,2.59,2.28,1.139,77.93,101.42,94.13
13.11,86.45,3.7,2.39,1.183,78.46,102.93,94.84
11.48,84.01,2.51,2.47,1.163,78.11,101.73,94.59
12.15,84.79,2.38,1.71,1.14,77.79,100.59,93.71
12.12,87.55,2.35,1.95,1.138,77.92,101.12,93.47
12.85,86.24,2.46,1.96,1.146,77.96,101.49,93.71
11.73,90.01,3.31,2.71,1.167,78.62,103.16,94.28
12.6,85.2,2.24,3.05,1.157,78.23,102.19,94.33
11.55,80.64,2.55,2.81,1.176,78.17,102.3,95.54
12.67,85.2,3.09,2.77,1.169,78.34,102.54,94.93
11.54,86.55,3.65,1.65,1.154,78.22,102.02,94.2
11.78,86.78,3.23,2.22,1.146,78.39,102.48,94.62
13.14,86.08,3.07,1.75,1.143,78.07,101.8,93.84
12.19,84.12,3.39,2.49,1.159,78.42,103.12,95.36
12.07,89.23,3.12,2.78,1.179,78.41,102.46,94.44
13.35,84.47,2.36,1.59,1.137,77.72,101.09,93.65
12.22,87.5,2.39,1.64,1.129,77.79,100.89,93.3
11.51,85.31,3.48,1.74,1.157,78.05,102.4,94.4
12.44,83.3,2.8,2.68,1.161,78.32,102.41,95.11
11.29,89.05,2.61,3.14,1.178,78.4,103.04,94.15
12.68,80.41,3.66,2.2,1.162,78.37,102.72,95.59
12.72,84.07,3.14,2.91,1.175,78.38,102.75,95.38
11.66,86.89,3.77,2.75,1.211,78.56,103.54,95.07
11.62,85.16,2.92,1.58,1.124,77.88,101.13,93.88
12.11,87.6,3.23,2.69,1.17,78.42,102.83,94.71
12.01,85.72,3.31,2.13,1.148,78.2,102.41,94.77
11.41,84.95,3.58,2.57,1.192,78.49,103.25,95.37
12.34,90.7,2.81,1.94,1.142,78.08,101.72,93.39
10.77,85.46,2.25,2.78,1.142,78.23,102.19,94.32
11.74,85.6,2.71,3.04,1.16,78.27,102.33,94.85
11.76,83.56,2.72,2.05,1.155,77.99,101.88,94.8
11.84,84.3,3.45,2.18,1.173,78.2,102.29,94.85
12.18,87.38,3.78,2.52,1.192,78.6,103.23,94.77
11.26,87.19,3.7,1.72,1.159,78.14,102.11,94.23
12.35,85.96,2.27,1.52,1.128,77.81,100.25,93.06
11.89,84.41,3.6,2.36,1.188,78.35,103.06,95.34
11.61,87.46,3.37,2.45,1.179,78.43,102.46,94.84
11.18,82.2,2.97,1.83,1.129,77.98,101.45,94.98
11.29,85.2,2.81,2.2,1.133,78.08,102.23,94.51
12.22,85.4,2.78,2.79,1.153,78.3,101.94,94.88
11.42,84.09,3.54,2.99,1.194,78.6,103.09,95.55
12.04,86.29,2.51,1.8,1.119,77.86,101.34,93.78
12.64,84.49,3.27,2.82,1.17,78.5,102.94,95.29
12.62,84.19,2.74,1.62,1.134,77.97,101.32,94.03
12.94,89.93,2.79,2.08,1.139,78.12,101.7,93.55
11.82,87.59,2.38,2.72,1.143,78.11,101.9,94.09
11.35,88.6,3.02,2.62,1.177,78.16,102.73,94.4
12.61,86.08,3.59,2.54,1.185,78.46,102.86,95.0
12.19,88.09,3.04,2.61,1.176,78.09,102.44,94.46
12.67,87.69,2.95,2.2,1.163,78.2,102.06,94.11
12.01,88.64,3.37,2.58,1.19,78.45,102.59,94.69
12.72,91.18,2.79,2.68,1.164,78.16,102.03,93.87
12.51,85.47,3.06,1.7,1.142,78.05,101.13,94.2
12.43,86.54,3.39,2.39,1.154,78.29,102.9,94.7
12.3,85.86,2.38,1.98,1.132,77.99,101.65,93.61
12.24,78.24,3.31,1.86,1.148,78.08,102.28,95.54
12.14,82.9,3.52,2.71,1.193,78.42,103.01,95.6
12.14,86.02,3.72,2.13,1.178,78.3,102.58,94.88
12.59,87.37,3.3,2.58,1.188,78.4,102.55,94.83
11.69,84.71,3.29,3.21,1.202,78.51,103.5,95.53
13.04,88.48,2.76,1.92,1.153,78.17,101.74,93.8
11.94,88.81,3.49,1.77,1.161,78.13,102.04,93.96
12.59,85.08,3.08,3.17,1.186,78.65,103.24,95.2
11.95,89.12,3.55,2.74,1.181,78.49,102.44,94.58
11.85,89.84,2.22,3.26,1.166,78.26,102.56,93.76
13.22,87.01,2.92,2.02,1.14,78.02,101.48,94.06
11.81,83.83,2.31,1.76,1.13,77.74,100.78,93.72
11.23,89.22,2.27,2.51,1.146,78.08,101.76,93.67
11.57,85.63,2.81,2.03,1.127,78.14,101.69,94.36
11.81,85.16,3.51,1.64,1.127,78.13,102.12,94.4
13.29,86.25,2.88,2.95,1.166,78.3,103.16,94.7
12.12,84.81,3.53,2.78,1.18,78.53,102.69,95.46
12.56,88.35,3.04,1.79,1.142,77.97,101.23,93.77
11.4,87.71,2.83,2.81,1.181,78.11,103.0,94.53
12.21,88.68,3.45,2.6,1.172,78.44,103.09,94.53
12.4,87.28,3.64,2.52,1.168,78.32,102.89,94.74
13.08,84.25,2.47,1.76,1.134,77.8,100.95,93.72
11.58,85.65,3.78,2.03,1.18,78.34,102.66,94.95
12.36,87.93,2.92,2.26,1.171,78.12,102.31,94.08
12.18,85.1,3.56,1.52,1.141,78.07,101.77,94.2
11.39,92.42,2.99,2.33,1.156,78.32,102.19,93.62
11.99,85.47,2.36,2.3,1.139,78.07,101.19,94.09
11.84,84.71,3.6,1.59,1.168,78.25,102.34,94.29
10.6,88.53,2.6,2.59,1.163,78.19,102.22,94.15
12.36,87.65,3.07,2.87,1.176,78.42,102.78,94.78
12.32,85.94,2.75,1.72,1.143,78.06,100.92,93.89
11.74,85.49,2.79,2.99,1.169,78.32,102.75,94.92
11.2,86.94,2.9,2.21,1.151,78.16,102.19,94.25
12.89,87.84,3.45,2.55,1.176,78.43,103.5,94.51
12.16,87.68,2.42,2.18,1.136,78.0,101.93,93.94
12.61,85.34,3.65,1.55,1.151,78.18,101.89,94.06
12.85,86.95,3.42,2.06,1.165,78.24,102.22,94.29
11.69,87.86,3.4,1.8,1.156,78.2,101.76,94.16
12.49,87.68,3.25,3.05,1.2,78.46,103.4,94.69
11.86,79.21,2.31,3.22,1.175,78.34,102.34,95.56
11.96,84.04,2.37,1.52,1.12,77.65,100.79,93.58
11.95,84.29,3.52,2.42,1.154,78.47,102.92,95.27
12.0,85.49,2.26,2.68,1.136,78.17,101.96,94.34
12.67,86.39,3.01,3.29,1.181,78.52,103.09,94.82
12.07,88.03,3.04,2.97,1.174,78.39,103.28,94.54
11.91,87.36,3.38,1.99,1.146,78.2,102.16,94.32
11.83,85.72,3.4,2.03,1.157,78.26,101.97,94.66
12.2,86.05,2.87,1.64,1.138,77.81,101.29,93.8
11.46,89.87,2.42,2.4,1.141,77.97,101.75,93.65
11.7,84.65,3.54,2.93,1.188,78.64,103.47,95.38
11.97,86.67,2.45,2.48,1.149,78.07,102.06,93.97
11.66,89.44,2.69,1.87,1.132,77.85,101.67,93.49
11.93,86.76,2.79,2.72,1.157,78.1,103.02,94.58
11.63,81.5,3.68,1.68,1.156,78.15,102.13,95.09
13.2,86.82,2.67,2.85,1.168,78.14,102.77,94.68
12.8,85.15,3.0,2.2,1.145,78.16,101.41,94.65
12.27,85.75,3.48,1.53,1.129,78.07,102.26,94.07
11.97,88.31,3.71,1.99,1.158,78.44,102.55,94.22
13.31,87.03,3.55,3.0,1.196,78.5,103.87,95.1
12.19,85.42,3.54,2.61,1.165,78.51,103.03,95.21
11.95,87.96,3.24,1.59,1.153,77.93,101.74,93.68
12.18,86.96,2.88,2.63,1.159,78.19,102.59,94.68
12.18,86.23,2.64,2.73,1.162,78.21,102.15,94.44
12.85,86.66,3.08,2.7,1.164,78.29,102.58,94.82
11.99,86.56,3.57,2.1,1.172,78.44,101.81,94.7
13.26,85.25,3.2,1.59,1.144,78.0,101.71,94.16
11.47,84.99,3.48,2.97,1.192,78.5,103.39,95.22
12.42,86.06,3.3,2.74,1.159,78.61,102.94,95.01
11.4,83.9,3.1,2.09,1.161,78.08,102.34,95.09
13.09,83.23,3.48,1.74,1.138,78.11,102.11,94.64
11.8,88.86,3.13,1.69,1.141,78.01,101.68,93.57
11.97,85.47,3.39,2.4,1.176,78.28,102.23,95.17
12.55,85.95,3.21,1.81,1.148,78.13,101.87,94.49
12.75,85.7,2.87,2.69,1.17,78.37,102.42,94.79
11.33,86.05,2.91,2.8,1.171,78.23,102.91,94.8
11.79,86.05,2.34,2.14,1.138,77.9,101.2,93.85
11.16,86.14,2.37,2.83,1.15,78.15,101.85,94.34
12.08,84.23,2.83,2.85,1.179,78.22,102.58,95.0
11.94,88.05,3.41,1.57,1.159,77.96,102.22,93.61
11.79,84.48,3.19,2.95,1.176,78.44,102.91,95.34
11.59,88.28,3.66,1.66,1.148,78.1,102.45,93.91
11.77,81.78,2.35,2.3,1.144,78.01,101.48,94.78
11.55,83.66,3.4,1.7,1.144,78.17,101.4,94.61
12.32,88.18,3.8,2.78,1.193,78.61,103.7,94.76
12.91,85.67,2.22,2.84,1.162,78.16,102.6,94.26
10.84,84.52,2.89,1.82,1.148,77.92,101.63,94.39
11.93,86.83,3.26,2.79,1.192,78.39,102.74,94.86
11.75,83.7,3.19,1.96,1.158,78.16,101.93,94.78
12.3,86.17,2.49,1.61,1.116,77.84,100.65,93.43
11.43,81.13,2.47,2.15,1.133,77.97,102.19,94.87
11.91,85.0,2.74,1.63,1.138,77.92,101.29,93.85
11.38,84.57,3.55,1.84,1.177,78.18,101.62,94.78
12.42,87.19,2.33,1.88,1.126,77.75,101.22,93.51
12.06,87.93,2.91,2.62,1.156,78.29,102.57,94.42
11.9,84.12,2.33,1.77,1.14,77.77,100.64,93.79
12.22,89.54,2.24,2.22,1.136,77.8,101.16,93.17
11.85,84.7,2.55,2.67,1.164,78.24,102.13,94.69
11.07,81.48,2.87,2.15,1.161,78.13,102.31,95.23
12.36,80.76,3.41,2.51,1.165,78.44,102.71,95.89
12.17,89.39,3.2,1.99,1.151,78.1,101.83,93.93
11.91,85.81,3.7,2.68,1.181,78.65,103.58,95.2
12.59,84.58,3.21,2.87,1.184,78.48,102.89,95.18
12.73,84.35,3.66,1.82,1.167,78.3,102.04,94.7
11.34,83.6,2.62,3.25,1.171,78.35,102.86,95.05
11.53,88.97,3.28,3.1,1.193,78.52,103.59,94.72
12.93,85.82,2.73,3.28,1.162,78.54,103.07,94.82
12.85,89.94,2.89,2.95,1.177,78.37,102.72,94.12
11.56,85.56,3.66,2.43,1.181,78.43,103.36,95.15
11.29,80.83,2.87,2.4,1.157,78.3,102.51,95.45
11.62,87.86,2.41,1.63,1.111,77.87,100.41,93.16
11.7,85.19,3.71,2.67,1.185,78.55,103.05,95.27
11.05,85.48,2.33,2.56,1.139,78.22,101.58,94.38
12.02,89.45,2.6,3.01,1.182,78.19,102.54,94.26
11.23,85.42,2.77,1.53,1.128,77.85,101.12,93.73
11.27,88.56,2.36,2.02,1.133,77.86,101.2,93.53
12.55,85.99,3.44,2.33,1.169,78.45,102.69,94.79
11.59,84.35,2.49,2.12,1.145,78.09,101.56,94.3
11.96,87.12,2.66,2.77,1.163,78.21,102.05,94.27
12.38,84.68,3.44,2.82,1.189,78.51,102.68,95.32
12.49,88.7,3.27,2.85,1.171,78.53,103.16,94.51
11.8,88.11,3.68,1.97,1.176,78.32,102.81,94.33
12.03,86.14,2.65,3.27,1.172,78.43,102.98,94.54
11.5,87.34,3.61,2.7,1.191,78.58,103.15,94.88
13.05,87.24,3.47,2.66,1.182,78.6,103.21,94.84
12.39,85.39,2.69,2.52,1.167,78.18,102.04,94.66
11.34,87.97,2.59,1.68,1.13,77.77,100.73,93.19
12.0,85.5,2.74,2.96,1.156,78.33,102.58,94.81
12.43,87.36,2.42,1.58,1.113,77.77,100.97,93.34
12.29,83.91,2.58,2.91,1.163,78.24,102.54,95.0
13.1,86.22,3.61,1.99,1.178,78.32,102.63,94.57
12.82,86.92,3.74,2.36,1.174,78.49,102.88,94.54
11.68,84.27,3.3,2.7,1.177,78.49,103.09,95.23
11.95,85.09,2.91,3.01,1.188,78.44,103.27,95.12
11.23,84.83,3.64,2.35,1.17,78.42,102.81,95.21
12.15,87.61,2.68,3.19,1.178,78.32,102.75,94.56
12.09,84.42,3.32,2.15,1.165,78.21,102.65,95.03
13.62,86.97,2.46,2.21,1.137,77.93,101.56,93.88
12.06,89.36,2.91,2.96,1.177,78.41,102.56,94.44
10.74,86.79,3.32,2.42,1.179,78.32,102.55,94.65
11.6,82.46,3.65,2.55,1.191,78.47,103.47,95.93
12.07,86.29,3.58,1.62,1.15,78.17,102.09,94.07
11.25,88.3,2.33,3.05,1.19,78.22,102.83,93.99
11.48,85.38,3.38,1.97,1.161,78.27,102.35,94.8
11.78,88.45,2.39,1.63,1.122,77.86,100.86,93.04
12.21,87.37,2.71,3.09,1.166,78.3,103.07,94.65
11.9,86.94,2.51,1.95,1.127,78.02,101.13,93.69
11.47,85.44,3.53,1.83,1.166,78.16,102.46,94.58
12.47,84.89,2.58,2.84,1.136,78.19,102.37,94.81
11.68,85.45,2.27,2.09,1.133,77.87,101.15,93.77
11.7,86.16,3.18,2.1,1.144,78.08,102.24,94.53
11.17,87.17,3.39,1.91,1.155,78.2,102.01,94.29
11.53,86.95,3.17,1.79,1.148,78.16,101.49,94.06
12.39,85.36,2.44,2.94,1.15,78.12,102.12,94.49
11.03,86.17,3.2,2.52,1.16,78.36,102.78,94.79
11.96,86.88,2.8,2.71,1.177,78.31,102.53,94.63
12.43,82.45,3.72,2.17,1.167,78.42,102.8,95.43
11.77,84.33,2.28,1.96,1.131,77.9,101.25,94.04
12.14,84.27,3.45,2.04,1.159,78.27,102.12,94.89
11.33,85.58,3.41,1.87,1.164,78.13,102.0,94.46
12.79,85.42,3.15,2.16,1.169,78.26,102.59,94.52
12.66,85.46,3.05,2.17,1.164,78.19,101.86,94.62
12.14,84.11,3.15,2.83,1.182,78.48,103.27,95.27
10.95,87.51,3.32,2.27,1.171,78.3,102.42,94.79
11.37,86.64,2.26,2.99,1.148,78.18,102.36,94.43
12.59,82.42,2.37,2.18,1.151,77.96,101.47,94.68
13.03,86.06,3.36,1.71,1.145,78.14,101.81,94.05
12.18,83.55,3.74,1.59,1.148,78.25,102.16,94.4
12.75,89.78,2.26,2.82,1.151,78.0,102.28,93.56
11.64,85.03,3.67,2.65,1.177,78.41,103.1,95.24
11.89,85.17,3.6,2.67,1.187,78.37,102.98,95.41
12.0,86.22,2.34,2.61,1.157,78.05,102.09,94.2
12.25,85.59,3.43,2.39,1.183,78.3,102.63,94.93
11.08,85.91,3.34,2.34,1.167,78.32,102.54,94.9
12.56,89.44,2.36,3.05,1.158,78.23,102.36,93.97
12.79,86.53,2.53,1.87,1.132,78.0,101.11,93.61
11.31,87.87,2.41,2.12,1.127,77.9,100.94,93.75
11.19,88.52,2.84,1.86,1.135,77.94,101.5,93.6
12.21,83.89,2.46,2.31,1.164,77.97,101.54,94.49
11.61,89.75,2.22,2.39,1.134,77.96,101.16,93.3
10.58,87.55,2.37,1.74,1.123,77.82,100.77,93.35
12.49,88.14,2.39,3.02,1.169,78.21,102.46,94.09
12.09,84.14,3.49,2.41,1.176,78.3,103.25,95.36
11.71,87.84,2.83,2.55,1.168,78.12,102.17,94.46
13.27,86.95,3.21,3.28,1.182,78.6,103.86,94.89
12.08,84.86,2.74,3.13,1.165,78.35,102.76,94.86
11.55,91.06,3.2,2.61,1.184,78.28,102.86,94.07
12.06,87.29,3.79,2.25,1.17,78.39,102.87,94.68
11.38,85.51,3.44,1.64,1.15,78.12,102.07,94.23
11.54,86.47,2.58,2.41,1.153,78.25,101.92,94.24
12.23,88.04,3.38,1.82,1.137,78.26,101.93,94.12
11.67,88.53,3.51,2.53,1.175,78.36,102.6,94.74
11.73,87.32,2.42,1.57,1.117,77.73,101.01,93.07
13.0,88.72,2.84,2.98,1.178,78.22,102.43,94.32
12.52,89.28,2.56,3.11,1.167,78.18,102.53,94.07
12.48,83.33,2.45,2.21,1.121,77.85,101.97,94.49
12.32,84.97,3.27,2.11,1.167,78.27,102.31,94.77
12.29,83.98,2.73,2.28,1.127,78.09,101.91,94.56
12.87,86.26,3.65,2.34,1.171,78.29,102.93,94.84
11.99,89.22,2.34,2.14,1.131,77.88,101.4,93.21
13.11,87.48,3.14,2.47,1.161,78.25,102.45,94.54
11.43,83.74,3.73,2.42,1.179,78.4,103.15,95.49
11.85,85.4,3.46,2.85,1.194,78.63,103.26,95.16
11.17,88.31,2.95,2.25,1.147,78.01,102.0,94.25
11.79,84.87,2.94,1.72,1.134,77.93,101.57,94.1
12.31,85.83,2.34,1.71,1.132,77.8,100.99,93.35
12.87,86.71,2.41,1.65,1.13,77.82,100.93,93.44
11.6,82.04,2.83,1.77,1.146,77.79,101.65,94.71
12.0,87.76,3.76,2.23,1.178,78.41,103.36,94.68
11.78,86.8,2.21,2.69,1.147,77.98,102.26,93.94
11.56,87.29,2.59,2.07,1.137,77.94,101.54,93.96
11.29,83.89,3.4,2.63,1.173,78.3,102.7,95.39
12.04,84.35,3.2,3.18,1.196,78.61,103.69,95.44
10.96,84.73,3.79,1.52,1.17,78.4,102.13,94.23
12.07,86.6,2.82,3.2,1.197,78.52,103.23,94.79
12.01,86.2,2.23,2.11,1.124,77.87,101.1,93.67
11.61,86.33,3.42,1.63,1.148,77.96,102.07,93.95
11.39,89.99,3.14,3.16,1.185,78.59,103.04,94.65
11.17,88.92,3.05,1.51,1.136,78.03,101.38,93.39
13.12,84.46,2.38,2.24,1.13,77.9,101.16,94.15
11.19,84.61,2.22,2.69,1.17,78.16,102.35,94.24
12.93,89.82,2.63,2.12,1.158,77.88,101.55,93.46
12.36,85.35,3.45,2.82,1.182,78.41,102.74,95.15
11.78,89.08,3.48,1.84,1.153,78.19,102.48,93.88
11.31,89.56,2.75,2.65,1.161,78.12,102.58,93.97
12.63,84.85,3.0,2.95,1.165,78.47,103.29,95.03
13.04,85.45,2.86,3.14,1.175,78.54,102.74,94.95
11.44,86.23,2.55,2.68,1.165,78.19,102.27,94.52
11.82,84.14,2.81,3.09,1.191,78.44,103.23,94.97
12.63,83.89,3.16,2.65,1.18,78.48,102.73,95.24
12.2,85.16,2.61,3.08,1.182,78.38,102.8,94.71
13.2,87.92,2.31,3.28,1.158,78.41,102.57,93.94
11.66,85.06,3.11,2.55,1.137,78.41,102.52,94.99
12.33,85.59,2.48,2.72,1.17,78.09,102.49,94.41
11.25,85.02,2.45,3.0,1.166,78.43,102.25,94.76
13.26,83.04,3.4,1.8,1.153,78.23,102.04,94.82
11.56,89.31,3.46,2.64,1.195,78.46,103.2,94.53
10.68,80.89,2.67,2.69,1.152,78.29,102.33,95.43
11.92,84.61,3.31,2.4,1.16,78.34,102.84,95.27
11.92,87.27,3.31,2.92,1.176,78.51,102.74,95.1
13.15,82.97,2.37,3.05,1.179,78.18,102.7,94.9
11.8,87.37,3.72,2.37,1.187,78.4,102.72,94.78
11.99,88.8,3.65,1.9,1.146,78.23,102.35,94.21
12.36,84.15,2.26,2.3,1.156,78.05,101.37,94.37
12.95,86.5,2.39,1.74,1.127,77.85,101.05,93.33
11.96,83.6,2.91,3.25,1.186,78.52,103.16,95.54
12.62,87.16,3.03,3.28,1.179,78.53,103.25,94.83
12.31,86.24,3.01,2.33,1.177,78.3,102.42,94.72
11.82,86.52,2.23,1.65,1.125,77.55,101.18,93.08
12.05,89.05,3.6,2.74,1.198,78.45,103.16,94.68
12.02,87.08,3.1,3.1,1.174,78.57,103.06,94.84
11.45,89.0,3.24,2.01,1.162,78.13,101.97,94.06
12.73,87.44,3.59,2.81,1.188,78.59,103.08,95.02
11.17,83.4,2.33,3.0,1.159,78.35,102.02,94.73
12.7,86.62,2.78,3.02,1.165,78.43,102.69,94.66
12.57,87.12,2.38,2.82,1.151,78.07,102.35,94.21
11.94,82.86,2.7,3.04,1.16,78.34,102.62,95.22
11.54,88.98,2.38,3.08,1.158,78.18,102.26,94.2
11.86,86.19,3.76,2.43,1.18,78.5,103.09,94.88
12.28,86.85,3.08,2.6,1.174,78.4,102.43,94.96
12.45,84.07,3.64,1.66,1.141,78.15,102.78,94.45
12.17,86.2,3.56,2.13,1.157,78.34,102.95,94.82
12.6,86.7,2.85,3.07,1.17,78.39,102.94,94.9
11.67,85.32,2.4,1.76,1.112,77.97,100.55,93.72
12.14,86.22,3.29,2.81,1.177,78.46,102.94,94.89
11.06,81.38,2.56,2.75,1.157,78.23,102.04,95.28
12.46,89.04,2.77,1.55,1.13,77.91,100.89,93.1
12.09,83.59,2.62,1.79,1.138,77.98,100.69,94.25
11.75,81.24,2.92,2.32,1.166,78.23,102.01,95.46
12.7,83.93,2.82,3.14,1.184,78.42,102.82,95.28
12.41,84.2,2.82,1.84,1.143,77.98,101.32,94.46
10.31,87.24,3.72,2.65,1.191,78.57,103.01,94.96
12.02,84.03,3.72,2.31,1.169,78.46,103.04,95.38
11.13,86.67,3.17,2.09,1.147,78.14,101.92,94.32
12.64,83.93,3.74,2.0,1.174,78.27,102.05,95.0
13.49,90.9,3.69,2.11,1.175,78.32,102.43,93.83
11.69,87.24,3.43,2.66,1.2,78.48,103.25,94.71
12.04,90.34,3.44,1.87,1.155,78.14,102.45,93.83
11.85,83.81,3.8,2.39,1.171,78.38,102.84,95.4
12.21,87.5,2.32,2.73,1.156,78.11,101.95,94.11
12.39,83.94,2.32,2.67,1.147,78.08,102.06,94.39
12.77,87.31,3.35,1.87,1.146,78.19,102.28,94.03
11.41,87.53,2.39,1.74,1.14,77.78,100.81,93.29
12.94,82.53,3.25,2.84,1.198,78.42,103.15,95.5
11.44,83.54,3.67,2.08,1.172,78.46,102.52,95.18
12.17,83.47,2.36,2.63,1.145,78.14,101.48,94.59
12.7,82.73,3.54,2.81,1.188,78.46,103.55,95.63
12.43,84.43,2.98,1.98,1.148,78.17,101.8,94.45
11.44,83.92,3.37,3.04,1.175,78.53,103.52,95.67
11.58,82.86,2.55,2.78,1.168,78.16,102.23,95.02
11.72,86.25,2.8,2.21,1.154,78.15,101.67,94.27
11.97,87.23,2.27,1.79,1.138,77.69,100.74,93.31
12.69,83.14,3.39,1.99,1.154,78.2,102.32,95.03
11.22,84.81,3.66,2.07,1.168,78.36,102.29,94.99
12.28,86.05,3.47,2.15,1.164,78.34,102.88,94.75
12.37,85.52,3.41,2.29,1.152,78.27,103.16,94.85
12.33,84.49,2.54,1.87,1.159,77.87,100.67,94.05
12.28,87.81,2.66,1.71,1.113,77.88,101.4,93.23
12.91,87.89,3.47,1.51,1.137,78.16,101.66,93.44
12.29,87.52,3.61,2.93,1.187,78.46,103.69,94.86
12.51,85.57,3.55,2.64,1.166,78.53,103.18,95.17
12.34,90.4,2.53,2.04,1.143,77.98,101.37,93.42
13.08,89.86,2.82,1.83,1.136,78.08,101.7,93.35
10.86,85.14,2.24,3.22,1.166,78.19,102.5,94.49
12.77,85.76,2.82,2.59,1.164,78.33,102.71,94.8
11.84,88.64,2.37,3.04,1.164,78.19,102.49,93.98
11.83,84.27,3.4,1.57,1.149,78.09,101.42,94.37
11.42,86.9,2.52,2.84,1.16,78.2,102.29,94.45
10.88,86.13,2.29,1.54,1.124,77.53,100.6,93.01
11.77,84.48,2.39,1.76,1.136,77.82,100.81,93.82
11.59,85.51,3.44,2.91,1.184,78.56,103.04,95.29
12.3,82.57,3.11,2.05,1.15,78.21,102.5,94.9
11.12,84.83,3.45,2.64,1.175,78.4,103.03,95.2
12.86,81.63,2.3,1.84,1.131,77.73,100.94,94.06
12.16,91.04,3.31,2.52,1.169,78.42,102.37,94.27
11.85,89.33,2.83,2.45,1.155,78.17,102.34,94.3
11.57,88.72,2.59,2.56,1.141,78.23,102.04,94.12
11.53,86.68,2.42,3.28,1.19,78.46,102.99,94.61
11.32,88.22,3.52,2.39,1.162,78.36,103.25,94.5
11.67,88.82,3.76,2.72,1.205,78.55,103.3,94.91
12.0,88.25,3.13,2.66,1.179,78.3,102.56,94.76
11.89,88.04,3.45,1.93,1.169,78.05,102.51,94.35
11.15,84.01,2.29,3.16,1.167,78.27,102.72,94.63
11.84,86.96,3.38,2.55,1.179,78.45,102.95,94.95
11.46,84.84,2.98,3.21,1.186,78.58,103.4,95.21
12.1,83.42,2.27,1.78,1.131,77.79,100.78,93.94
13.12,83.5,2.71,3.3,1.187,78.58,103.03,95.1
12.38,86.95,3.31,2.58,1.188,78.34,102.84,94.81
11.81,88.33,2.75,1.78,1.128,77.94,100.83,93.5
11.03,83.0,2.23,1.76,1.129,77.73,100.97,93.91
11.15,89.85,2.48,2.42,1.164,78.04,101.99,93.69
10.99,89.24,2.79,3.26,1.193,78.43,102.85,94.52
12.44,85.17,3.67,2.5,1.171,78.41,102.98,95.26
11.54,84.99,2.47,2.07,1.142,77.92,101.46,94.21
12.04,85.85,2.24,2.69,1.153,78.12,102.05,94.17
11.63,88.17,2.82,3.17,1.18,78.44,103.01,94.53
12.05,85.16,2.71,3.03,1.15,78.27,102.63,94.89
12.84,83.57,2.83,2.68,1.173,78.31,102.56,95.15
11.59,86.76,2.77,2.96,1.156,78.28,102.74,94.7
11.8,81.46,2.56,1.79,1.154,77.92,100.92,94.52
11.52,86.31,2.28,2.19,1.144,77.94,101.26,93.85
12.52,88.55,3.37,2.33,1.168,78.17,102.52,94.41
11.38,86.68,3.55,2.56,1.185,78.37,103.21,94.92
11.32,87.72,3.05,2.4,1.164,78.31,102.04,94.3
11.17,87.09,2.26,2.56,1.142,78.01,101.55,94.04
11.15,87.6,2.51,1.65,1.127,77.77,100.85,93.35
12.28,86.32,2.36,1.8,1.132,77.8,100.98,93.4
13.54,84.18,3.19,2.02,1.148,78.16,102.64,94.89
11.4,85.51,2.67,2.24,1.156,78.12,101.76,94.33
12.57,85.84,3.73,1.96,1.178,78.28,102.81,94.75
12.15,88.77,2.68,1.95,1.151,78.11,101.66,93.64
11.34,89.58,2.7,2.04,1.155,77.97,101.91,93.67
11.83,86.93,2.83,3.06,1.188,78.37,103.32,94.84
11.86,84.34,2.37,2.37,1.152,78.01,101.77,94.48
11.59,84.39,3.52,1.66,1.166,78.14,101.75,94.48
13.16,85.59,3.8,2.22,1.177,78.52,102.83,94.81
10.86,89.06,3.0,3.2,1.188,78.68,103.6,94.47
12.23,86.74,3.67,1.88,1.177,78.23,102.92,94.42
12.2,85.88,2.93,2.82,1.19,78.34,103.04,95.03
11.65,84.32,2.94,3.19,1.178,78.53,103.74,95.35
12.09,87.94,2.52,3.26,1.159,78.36,102.97,94.32
12.53,86.64,3.19,2.6,1.193,78.42,102.54,94.83
12.09,85.89,3.29,1.98,1.168,78.09,102.15,94.58
12.25,86.23,2.91,1.89,1.163,78.09,101.71,94.3
12.42,89.71,3.49,2.1,1.174,78.11,102.69,94.01
10.78,85.65,2.43,3.1,1.169,78.33,102.75,94.7
12.89,89.71,2.75,3.21,1.172,78.48,102.77,94.23
13.37,88.73,2.91,2.67,1.158,78.48,102.82,94.21
12.59,86.12,3.46,2.43,1.188,78.31,102.67,94.8
12.61,87.94,3.63,2.46,1.188,78.49,103.08,94.82
11.16,85.73,2.41,1.81,1.133,77.9,101.19,93.75
11.93,84.18,2.43,2.46,1.138,78.0,101.98,94.53
11.51,85.41,3.72,2.5,1.177,78.5,103.28,95.21
11.65,84.0,2.89,1.7,1.133,77.89,101.26,94.35
12.58,87.13,2.8,1.83,1.138,77.88,101.42,93.82
11.52,86.03,2.93,2.33,1.13,78.07,102.38,94.78
11.92,87.25,3.69,2.21,1.176,78.36,102.69,94.66
10.85,87.82,3.61,1.58,1.169,78.05,101.7,93.79
11.9,79.14,2.75,2.8,1.161,78.13,101.9,95.81
12.05,86.69,2.91,1.64,1.138,77.96,101.36,93.65
11.58,82.04,2.77,2.5,1.161,78.06,101.97,95.21
11.57,86.37,3.73,1.93,1.157,78.34,102.51,94.69
13.13,84.07,2.34,2.86,1.162,78.2,101.91,94.76
11.27,86.23,3.18,2.13,1.151,78.13,102.08,94.66
11.37,89.0,2.83,2.09,1.144,77.95,101.69,93.9
11.51,82.24,3.26,3.06,1.189,78.46,103.56,95.67
12.72,86.42,2.68,3.14,1.174,78.28,102.61,94.56
13.26,85.83,2.87,2.38,1.159,78.15,101.87,94.6
12.2,81.84,2.61,1.66,1.122,77.83,101.09,94.3
11.57,87.43,2.52,1.95,1.144,78.12,101.51,93.65
11.74,86.08,2.9,2.39,1.148,78.03,101.97,94.58
12.64,84.88,3.55,2.15,1.176,78.26,102.71,95.08
11.45,84.41,3.42,1.96,1.155,78.25,102.24,94.92
12.87,93.07,2.96,1.64,1.128,78.03,101.52,92.71
12.85,85.13,3.63,2.13,1.169,78.43,102.19,94.91
12.04,82.04,3.22,2.51,1.16,78.26,102.69,95.66
12.39,83.95,2.98,1.93,1.143,78.12,101.69,94.62
12.45,85.19,3.52,2.35,1.171,78.14,102.83,95.05
12.93,85.15,2.41,1.68,1.134,77.78,100.72,93.39
11.37,85.83,3.01,2.52,1.173,78.33,102.42,94.66
12.71,83.7,2.64,1.92,1.144,78.01,100.86,94.14
11.77,87.19,3.53,2.73,1.181,78.39,103.22,94.73
11.54,84.94,2.43,2.95,1.148,78.18,102.7,94.66
12.06,83.01,2.29,3.02,1.159,78.06,102.34,94.84
11.87,84.21,3.54,1.72,1.153,78.1,102.1,94.5
11.41,85.15,2.49,2.68,1.155,78.06,102.19,94.63
11.04,87.87,2.94,1.76,1.137,78.01,101.86,93.83
11.43,87.07,2.53,1.87,1.13,77.84,101.06,93.68
12.87,85.26,3.28,2.53,1.18,78.4,102.37,94.86
13.18,86.04,3.75,2.05,1.157,78.33,102.4,94.83
12.39,86.47,2.97,2.17,1.154,78.11,101.85,94.54
12.71,90.49,2.81,2.55,1.173,78.36,102.31,93.84
11.69,84.64,3.46,2.73,1.174,78.57,103.35,95.54
11.95,87.03,2.38,2.0,1.125,77.8,101.04,93.66
12.17,87.6,3.2,2.87,1.177,78.55,102.8,94.71
11.35,83.9,3.59,2.15,1.166,78.38,102.84,95.12
11.41,86.42,2.93,1.59,1.14,78.03,101.57,93.56
12.06,86.36,3.03,2.05,1.166,78.15,101.74,94.33
11.81,84.97,3.04,2.58,1.166,78.16,102.74,94.85
11.36,87.25,2.47,1.64,1.133,77.78,100.85,93.4
12.23,88.26,3.34,2.8,1.175,78.28,102.99,94.75
11.84,88.49,3.78,2.41,1.176,78.36,103.08,94.52
12.61,85.58,2.31,1.64,1.126,77.7,100.52,93.37
12.0,86.42,3.75,2.82,1.185,78.7,103.14,95.01
11.82,91.17,2.46,2.26,1.156,78.02,101.25,93.34
12.08,83.57,2.51,2.9,1.159,78.26,102.19,94.97
11.9,86.49,3.37,3.17,1.19,78.66,103.64,95.15
11.6,87.96,3.25,2.23,1.153,78.17,102.46,94.31
11.76,86.33,3.66,2.19,1.168,78.44,102.95,94.79
12.45,87.44,3.38,1.9,1.147,78.18,101.91,94.17
12.39,86.38,2.64,2.59,1.153,78.11,102.15,94.46
12.77,87.66,2.67,3.05,1.154,78.3,102.36,94.58
10.98,88.82,3.03,3.17,1.183,78.48,102.97,94.8
11.76,85.51,3.16,2.54,1.186,78.37,102.88,95.13
11.75,86.43,3.01,1.85,1.128,78.15,101.65,94.08
12.1,85.88,2.76,3.11,1.192,78.37,103.34,94.77
11.73,85.11,3.28,2.89,1.181,78.46,103.32,95.25
11.69,85.96,2.87,1.86,1.152,78.14,101.43,94.18
12.47,83.51,3.47,2.25,1.159,78.57,102.44,95.0
12.11,87.64,3.45,1.62,1.171,78.24,101.35,93.78
11.3,89.75,2.76,2.67,1.153,78.26,102.7,94.29
12.8,89.75,3.69,1.86,1.163,78.22,102.63,93.76
12.6,88.81,3.77,2.71,1.205,78.62,104.34,94.66
11.66,83.88,2.52,1.53,1.113,77.81,101.33,93.62
12.5,89.34,3.69,2.72,1.164,78.48,103.45,94.67
11.56,84.43,3.36,2.24,1.165,78.39,102.23,95.04
12.68,85.88,2.34,2.36,1.136,78.21,101.15,94.03
11.87,90.06,3.23,2.0,1.146,78.09,101.98,93.7
11.52,83.64,2.23,2.03,1.123,77.8,101.09,94.13
11.78,87.85,3.64,2.84,1.175,78.53,103.1,94.94
11.54,86.62,3.48,1.84,1.171,78.08,102.32,94.28
12.12,85.67,3.61,2.69,1.196,78.57,103.49,95.2
12.11,84.07,2.85,2.73,1.153,78.18,102.28,95.15
12.02,86.93,2.59,3.12,1.17,78.4,102.65,94.38
11.67,84.98,2.33,1.98,1.128,77.91,100.79,93.76
9.8,88.3,3.35,2.25,1.177,78.34,102.74,94.42
12.06,88.69,3.29,2.15,1.153,78.11,102.09,94.14
10.86,82.97,2.9,2.1,1.166,78.1,101.57,94.63
12.15,84.89,2.7,1.52,1.129,77.86,100.5,93.61
12.68,85.3,2.61,2.75,1.154,78.3,102.06,94.77
12.16,83.4,3.07,2.09,1.154,78.17,101.59,94.87
11.77,83.54,2.72,1.82,1.133,77.9,101.62,94.46
11.89,86.2,2.32,1.78,1.15,77.9,101.06,93.17
11.92,85.54,3.2,3.17,1.189,78.66,103.08,95.2
11.67,82.37,3.3,2.12,1.156,78.33,102.06,95.38
11.65,84.82,3.1,1.74,1.146,77.97,101.63,94.47
11.45,87.14,2.33,1.61,1.137,77.8,100.75,93.06
12.71,83.35,3.11,2.55,1.159,78.24,102.32,95.16
11.99,83.97,2.45,3.2,1.153,78.32,102.99,94.91
12.57,89.49,2.42,2.42,1.161,78.12,101.9,93.5
11.85,88.9,3.24,1.56,1.15,77.9,102.08,93.42
12.04,82.43,2.63,2.46,1.149,78.35,101.3,94.85
11.9,83.03,3.28,2.73,1.177,78.52,102.57,95.52
12.28,86.83,3.26,1.63,1.157,77.98,101.86,93.89
12.5,83.38,2.29,3.05,1.135,78.19,102.38,94.89
12.14,85.44,2.44,2.15,1.153,77.96,101.37,94.14
11.6,85.01,3.55,1.58,1.15,78.1,101.63,94.2
11.53,87.23,3.57,2.68,1.19,78.4,103.33,94.95
13.0,80.44,2.82,1.93,1.143,78.0,101.45,94.87
11.83,81.15,3.03,2.98,1.209,78.31,103.35,95.77
11.83,83.3,2.52,1.94,1.131,77.88,101.57,94.33
12.88,88.23,3.0,2.96,1.188,78.56,103.17,94.6
12.65,85.66,2.87,2.24,1.128,78.13,101.52,94.6
12.32,82.24,3.74,2.46,1.182,78.44,103.21,95.45
11.76,87.08,3.46,2.71,1.189,78.59,103.57,94.97
13.41,87.56,3.08,2.28,1.145,78.23,102.71,94.42
12.24,85.46,3.25,3.0,1.164,78.55,103.55,95.07
12.33,85.27,2.43,1.99,1.137,77.87,101.53,94.15
11.9,86.96,2.54,2.96,1.175,78.36,102.28,94.36
11.15,88.66,2.72,2.31,1.164,78.08,102.28,94.29
11.2,86.34,3.02,3.22,1.178,78.58,103.74,95.1
12.24,87.17,2.21,1.83,1.129,77.84,100.95,93.31
12.24,85.89,3.59,2.32,1.16,78.51,102.94,94.96
11.86,85.16,2.79,3.2,1.196,78.51,102.97,95.11
11.3,83.98,2.37,1.53,1.116,77.74,100.71,93.43
11.14,86.56,3.06,1.98,1.164,78.02,101.8,94.25
11.8,85.34,3.44,1.78,1.152,78.13,102.17,94.25
11.13,85.46,2.88,1.81,1.139,77.93,101.46,94.24
12.54,88.05,2.85,1.51,1.149,78.0,100.75,93.18
12.69,87.07,2.93,2.31,1.149,78.14,101.98,94.46
13.7,87.91,3.77,2.18,1.187,78.2,102.94,94.54
12.53,82.53,3.05,1.77,1.141,78.06,101.69,94.52
11.64,87.23,2.65,1.91,1.13,78.02,101.76,93.89
11.48,84.7,3.76,1.73,1.153,78.15,102.55,94.63
9.93,84.22,3.23,3.0,1.195,78.55,103.55,95.51
11.64,84.13,3.71,2.77,1.188,78.46,103.44,95.58
11.89,88.67,2.49,3.16,1.166,78.35,102.92,94.16
12.58,87.82,3.03,2.45,1.148,78.24,102.21,94.43
12.37,84.42,3.63,1.53,1.164,78.14,101.77,94.37
12.35,83.5,3.35,2.87,1.194,78.53,103.42,95.4
12.13,86.03,3.27,1.85,1.156,78.07,102.01,94.21
12.4,84.99,3.66,1.93,1.172,78.33,102.24,94.66
12.87,89.65,2.72,3.0,1.139,78.31,102.95,94.24
11.36,82.79,3.67,1.97,1.161,78.29,102.87,95.16
11.73,81.97,2.97,3.03,1.18,78.54,103.19,95.81
11.17,85.44,3.06,1.91,1.15,78.0,102.13,94.12
12.97,86.02,2.79,2.64,1.157,78.25,102.6,94.56
12.78,86.29,3.36,2.05,1.163,78.34,102.5,94.48
12.45,87.66,2.5,2.91,1.156,78.35,102.18,94.27
11.28,90.56,2.69,1.94,1.134,77.92,100.99,93.5
12.1,85.25,2.66,1.92,1.127,77.91,101.32,94.1
11.86,84.8,2.41,2.19,1.142,78.02,100.66,94.13
12.05,82.13,2.5,2.66,1.149,78.11,101.96,95.13
11.89,86.54,2.37,2.14,1.133,77.95,101.08,94.01
12.31,87.88,3.72,2.32,1.191,78.31,102.98,94.4
11.76,85.43,3.63,1.91,1.163,78.3,102.2,94.72
12.51,88.6,3.46,1.66,1.151,77.98,101.91,93.75
12.14,86.07,3.31,1.86,1.139,78.15,101.78,94.28
11.82,89.33,3.41,2.95,1.181,78.59,103.29,94.6
11.93,86.73,3.25,2.9,1.191,78.42,103.5,94.99
11.74,83.67,2.61,2.91,1.171,78.15,102.22,95.02
12.49,84.6,2.56,2.41,1.151,78.0,101.43,94.52
11.84,82.63,2.83,1.88,1.141,77.85,101.89,94.54
12.18,82.18,2.61,3.09,1.172,78.49,102.9,95.32
11.76,86.59,2.3,2.38,1.147,77.85,101.56,93.9
11.11,87.91,2.97,1.7,1.138,77.88,101.37,93.72
12.54,90.3,2.33,2.29,1.117,78.01,101.57,93.24
11.37,85.88,2.77,1.97,1.163,78.01,101.48,94.23
12.41,85.48,2.61,1.91,1.149,78.02,101.59,94.09
12.25,83.56,3.22,3.26,1.189,78.69,103.44,95.56
11.01,88.17,2.69,2.22,1.163,78.11,101.62,94.1
11.43,86.86,3.32,2.05,1.146,78.2,102.36,94.34
11.69,84.69,2.4,2.67,1.167,78.09,101.8,94.6
11.51,87.51,2.77,1.51,1.132,77.84,101.18,93.34
11.29,87.23,2.73,3.08,1.182,78.45,102.51,94.56
12.44,81.89,2.28,3.1,1.16,78.3,102.25,94.96
11.86,87.63,3.18,3.0,1.184,78.53,103.22,94.54
12.23,86.3,3.1,2.78,1.18,78.25,102.66,94.9
11.74,85.14,3.62,1.81,1.171,78.15,102.5,94.54
12.18,85.08,2.38,2.53,1.154,78.03,101.79,94.14
11.55,89.85,2.97,2.44,1.166,78.18,102.36,94.16
11.98,89.38,2.78,3.26,1.174,78.37,102.57,94.27
12.35,90.02,3.17,2.6,1.188,78.4,102.84,94.28
12.03,83.47,2.25,2.0,1.133,77.94,101.09,94.03
11.73,84.56,2.65,3.29,1.175,78.57,102.47,95.06
11.35,87.99,2.42,2.41,1.144,78.01,101.78,93.93
12.1,83.34,3.37,2.62,1.164,78.4,103.01,95.41
12.21,84.42,3.42,2.15,1.157,78.27,102.26,95.02
11.84,82.03,2.46,1.91,1.119,77.89,100.92,94.53
11.54,90.08,3.08,2.44,1.166,78.19,102.07,93.91
12.33,88.34,2.85,3.15,1.178,78.5,103.02,94.52
13.49,87.01,2.84,1.88,1.145,77.84,101.55,93.82
11.82,86.48,3.16,2.55,1.157,78.29,102.58,94.7
12.2,85.08,3.46,2.51,1.171,78.25,103.4,95.27
12.23,85.12,2.21,2.37,1.134,78.03,101.46,94.15
10.46,87.35,2.49,1.92,1.145,77.8,101.28,93.61
12.07,84.43,3.6,1.92,1.148,78.15,101.96,94.7
11.58,88.7,2.88,3.05,1.161,78.41,103.0,94.57
12.83,84.92,3.55,1.6,1.165,78.04,102.18,94.19
11.85,84.08,2.65,2.57,1.161,78.19,101.91,94.8
11.53,88.86,2.51,1.54,1.109,77.75,101.34,92.72
11.87,85.68,2.55,2.47,1.166,78.27,101.79,94.43
12.1,87.22,3.34,2.83,1.197,78.38,103.18,95.01
11.66,85.09,3.11,2.58,1.18,78.25,102.52,94.98
11.97,81.05,3.03,2.93,1.156,78.46,102.84,95.75
11.19,87.2,3.24,2.73,1.178,78.42,102.2,95.03
11.86,83.04,3.65,1.71,1.149,78.22,102.38,94.88
12.47,88.38,2.26,2.46,1.142,78.0,101.06,93.79
13.18,82.59,2.91,3.13,1.164,78.53,103.37,95.5
12.42,81.9,2.69,2.72,1.18,78.27,102.07,95.39
12.16,86.68,3.31,1.93,1.149,78.27,101.94,94.17
12.71,86.94,2.21,2.25,1.14,77.83,101.96,93.58
12.61,86.23,2.52,1.84,1.142,77.91,100.93,93.55
13.0,83.33,2.94,1.82,1.15,77.99,101.52,94.71
12.65,87.95,3.1,2.61,1.174,78.36,102.32,94.55
11.93,82.78,2.95,2.52,1.159,78.18,102.34,95.24
12.16,84.98,2.52,2.54,1.155,78.19,102.07,94.46
12.11,84.27,2.38,2.08,1.135,77.82,101.7,94.06
12.18,85.17,3.35,2.56,1.152,78.46,102.18,94.83
12.12,87.88,2.82,3.0,1.183,78.42,102.78,94.76
11.53,84.61,3.63,2.51,1.174,78.31,103.22,95.3
10.74,87.24,2.6,3.23,1.169,78.42,103.07,94.58
11.6,87.53,2.97,2.12,1.149,77.97,101.76,94.09
10.78,82.24,2.4,3.2,1.155,78.36,102.63,95.16
12.04,83.43,3.3,1.63,1.135,77.93,102.19,94.5
12.0,85.16,2.49,3.16,1.152,78.33,102.75,94.71
10.99,84.7,2.32,2.72,1.158,78.11,102.5,94.57
12.41,86.68,3.11,2.4,1.176,78.13,102.11,94.55
12.52,81.75,3.31,2.11,1.161,78.07,102.1,95.32
12.06,87.59,3.2,3.08,1.174,78.56,103.29,94.94
13.0,87.64,3.12,2.44,1.178,78.24,102.21,94.54
13.12,85.63,3.18,1.84,1.147,78.17,102.0,94.32
11.28,82.96,2.73,2.79,1.15,78.27,102.19,95.21
12.62,86.01,3.11,1.71,1.126,78.24,101.71,93.94
12.26,84.82,3.59,2.24,1.173,78.36,102.34,95.1
12.25,87.25,2.6,1.77,1.148,78.03,100.95,93.51
12.56,85.81,3.68,2.82,1.186,78.6,103.53,95.13
11.57,87.6,2.7,1.85,1.132,77.95,101.51,93.8
11.64,85.05,3.56,1.76,1.155,78.22,101.9,94.36
11.5,89.17,3.03,2.7,1.162,78.28,102.3,94.34
11.55,80.93,3.7,2.74,1.182,78.5,103.54,96.11
11.94,83.76,2.37,2.44,1.149,78.18,101.45,94.62
11.13,87.08,3.66,1.99,1.159,78.27,102.6,94.48
11.37,82.68,2.34,1.61,1.132,77.66,101.04,93.83
12.35,87.62,2.94,2.05,1.14,78.13,102.0,94.15
11.96,83.32,2.84,1.82,1.148,77.91,101.09,94.46
12.23,86.21,2.9,2.35,1.161,78.18,102.45,94.47
10.87,83.99,3.05,1.69,1.139,78.09,101.82,94.43
11.53,85.03,3.76,2.63,1.183,78.64,103.18,95.36
11.67,86.38,3.12,2.99,1.177,78.61,102.99,95.0
12.02,85.77,2.28,2.56,1.164,78.16,102.1,94.27
11.65,85.16,2.79,2.65,1.155,78.3,102.46,94.87
12.56,90.74,3.7,1.63,1.169,78.22,102.23,93.37
11.97,86.02,2.48,2.13,1.151,78.0,101.74,94.06
12.01,83.87,3.05,2.99,1.176,78.44,103.17,95.54
12.01,88.04,3.37,2.49,1.189,78.55,103.49,94.55
12.42,87.81,2.51,2.41,1.125,78.08,102.16,93.96
11.72,88.69,2.9,1.7,1.142,78.1,101.45,93.44
12.67,89.93,3.18,1.94,1.154,78.12,102.0,93.78
12.28,83.93,3.12,2.08,1.156,78.25,101.99,94.71
12.09,88.33,3.24,1.57,1.152,77.79,101.9,93.6
12.03,88.51,3.17,2.51,1.164,78.33,102.3,94.53
12.31,86.0,3.68,2.53,1.18,78.43,103.37,94.99
12.61,86.54,3.45,1.9,1.17,78.32,102.04,94.28
12.57,79.39,3.08,2.08,1.153,78.27,101.56,95.37
12.23,84.74,2.59,2.62,1.147,78.13,102.39,94.7
12.53,89.93,2.31,2.49,1.152,78.05,101.82,93.36
12.07,82.07,3.78,1.75,1.161,78.32,102.42,94.97
12.75,84.82,3.37,2.43,1.165,78.37,102.63,95.02
11.98,86.63,3.79,2.24,1.182,78.42,102.92,94.75
10.75,87.27,3.52,2.57,1.171,78.53,102.88,95.0
12.8,89.59,3.48,3.03,1.181,78.49,103.86,94.77
12.06,82.12,3.24,2.13,1.157,78.34,102.58,95.03
11.3,86.09,3.15,2.92,1.178,78.49,103.05,94.98
11.88,87.89,3.51,2.64,1.181,78.24,103.1,94.82
11.47,83.11,2.93,1.65,1.126,77.88,101.45,94.26
13.26,85.91,2.39,2.66,1.17,78.13,102.21,94.2
12.3,90.15,2.83,2.72,1.173,78.47,102.56,94.09
11.06,88.9,3.03,2.22,1.158,78.18,102.02,94.31
12.33,87.19,2.53,3.03,1.169,78.18,102.49,94.5
11.76,80.25,2.63,2.64,1.134,78.31,102.28,95.45
13.15,85.71,2.36,3.23,1.178,78.36,102.58,94.46
11.37,86.85,2.44,2.41,1.137,78.07,101.65,94.09
10.65,85.32,3.5,1.92,1.165,78.3,102.58,94.68
12.04,85.86,3.23,2.23,1.15,78.22,102.46,94.61
11.79,92.78,3.74,1.74,1.171,78.22,102.54,93.13
11.75,85.53,2.51,2.48,1.146,78.19,101.68,94.39
10.72,83.87,3.29,2.54,1.17,78.4,102.97,95.44
12.26,86.53,2.49,2.38,1.163,78.15,101.78,94.24
13.0,85.31,2.3,2.71,1.163,78.1,101.9,94.11
10.85,85.32,2.73,3.23,1.164,78.57,102.81,94.97
12.7,85.81,2.84,1.59,1.128,77.8,101.06,93.66
11.66,87.7,2.22,2.09,1.135,77.78,101.05,93.49
13.41,86.52,2.62,3.21,1.172,78.44,102.88,94.46
12.26,83.36,3.45,2.16,1.174,78.26,102.47,95.25
11.89,85.71,2.62,1.62,1.123,77.87,101.53,93.61
12.66,87.04,2.4,2.84,1.14,78.2,102.32,94.25
12.32,84.97,2.29,2.91,1.149,78.18,102.24,94.53
11.64,88.53,2.83,2.73,1.164,78.21,102.5,94.17
12.43,87.71,3.19,1.7,1.152,78.08,101.49,93.78
11.69,83.82,3.41,3.08,1.198,78.7,103.31,95.72
10.93,86.7,2.38,3.25,1.182,78.27,102.74,94.42
13.22,90.36,3.49,2.59,1.181,78.6,102.65,94.4
11.79,89.43,3.31,1.58,1.144,78.18,102.1,93.5
11.63,85.88,2.56,3.13,1.178,78.29,103.1,94.64
12.2,87.97,3.58,1.89,1.16,78.3,101.95,94.22
11.06,84.52,3.08,2.12,1.15,78.08,102.37,94.91
11.19,82.81,2.5,2.91,1.158,78.25,102.66,95.2
11.7,87.22,3.28,1.62,1.156,77.97,101.99,94.0
11.69,86.54,3.27,1.52,1.158,77.98,101.75,93.7
12.04,87.13,2.35,2.25,1.154,77.84,101.89,93.91
12.67,85.95,2.26,2.44,1.128,78.01,101.4,93.87
11.72,86.72,3.29,1.97,1.167,78.09,102.0,94.37
12.3,84.87,3.32,1.63,1.136,78.0,101.9,94.21
12.36,87.04,2.34,2.4,1.141,77.88,101.65,93.98
11.35,87.83,2.25,2.86,1.161,78.17,101.72,93.99
12.14,85.87,3.63,1.51,1.139,78.28,102.14,94.14
11.43,87.79,3.48,2.53,1.164,78.39,103.2,94.7
12.64,82.1,3.56,2.86,1.181,78.55,103.37,95.88
12.27,84.27,3.65,1.66,1.173,78.09,102.22,94.54
12.01,89.18,3.49,2.72,1.193,78.45,103.42,94.61
11.2,89.88,2.78,2.29,1.144,78.06,101.43,93.76
12.07,86.55,2.38,2.06,1.138,77.81,101.15,93.84
11.54,85.77,3.34,2.49,1.174,78.3,102.55,95.03
12.42,83.21,3.68,1.96,1.169,78.25,102.47,95.13
11.93,86.8,2.57,2.83,1.155,78.28,102.05,94.44
11.51,87.71,3.73,2.16,1.187,78.35,102.46,94.57
12.56,82.74,2.83,1.6,1.131,77.93,101.28,94.26
12.43,87.23,2.58,3.14,1.179,78.46,103.19,94.49
11.64,87.08,3.76,2.38,1.163,78.53,102.76,94.94
12.7,86.97,3.57,1.89,1.165,78.2,102.71,94.51
11.82,83.52,3.24,3.14,1.189,78.42,103.65,95.49
11.81,87.19,2.76,2.65,1.176,78.23,102.61,94.68
12.07,82.7,3.39,1.75,1.127,78.14,102.3,94.5
11.55,89.27,2.61,2.57,1.162,78.26,102.01,94.09
11.74,86.3,2.61,1.79,1.143,77.92,101.51,93.69
11.9,83.44,2.46,2.91,1.159,78.47,101.97,95.1
12.92,88.96,2.94,2.5,1.176,78.22,102.17,94.11
12.9,88.54,3.22,2.09,1.179,78.25,102.26,94.23
11.84,84.57,3.25,2.31,1.174,78.21,102.67,94.92
12.97,90.85,2.35,2.44,1.154,77.97,101.36,93.21
11.97,83.79,3.0,2.74,1.184,78.33,102.23,95.31
12.23,86.69,3.74,1.59,1.161,78.2,102.23,94.12
12.53,88.6,3.19,2.77,1.188,78.47,103.0,94.49
12.18,81.0,2.97,2.28,1.163,77.93,102.32,95.62
13.45,88.2,3.34,2.47,1.165,78.45,102.73,94.47
12.15,85.86,2.87,2.68,1.155,78.41,102.17,94.93
11.28,85.97,3.17,1.66,1.156,78.14,101.92,93.97
12.78,83.63,2.77,3.11,1.181,78.48,103.09,95.08
11.75,86.73,2.45,2.44,1.142,78.07,101.85,94.16
11.82,83.56,3.22,1.72,1.148,78.11,102.3,94.44
10.2,83.87,2.52,2.08,1.155,78.08,101.52,94.52
12.6,85.01,3.16,1.73,1.129,77.97,102.09,94.04
12.49,83.3,3.43,2.73,1.172,78.53,103.09,95.52
12.48,89.46,3.49,1.93,1.167,78.26,101.55,93.9
12.59,83.08,3.07,3.05,1.189,78.46,102.83,95.37
13.01,84.34,2.9,2.53,1.15,78.39,101.67,94.94
11.97,85.3,2.86,2.83,1.16,78.28,102.61,94.9
12.56,86.01,3.2,2.85,1.181,78.37,103.34,94.97
11.55,87.74,3.12,1.96,1.166,78.11,101.5,94.21
11.79,87.8,3.02,3.2,1.184,78.46,103.44,94.79
12.63,85.33,3.78,1.72,1.138,78.34,102.26,94.48
12.23,85.16,3.28,1.54,1.154,77.89,101.84,94.17
11.2,86.08,2.37,2.17,1.139,77.86,101.51,93.99
12.22,87.81,2.35,2.67,1.148,78.15,101.72,94.06
11.89,87.53,3.0,2.19,1.144,78.22,102.22,94.26
11.51,84.86,3.56,2.14,1.18,78.22,102.58,95.04
12.26,81.47,2.6,2.01,1.143,78.08,101.69,94.81
11.76,90.71,2.24,2.8,1.157,77.98,102.49,93.39
11.06,88.09,3.23,2.25,1.166,78.33,102.33,94.28
11.33,86.58,3.51,2.1,1.17,78.21,102.9,94.52
13.06,86.75,2.54,1.56,1.135,77.77,100.86,93.15
11.09,84.85,2.48,2.31,1.163,78.19,101.84,94.49
12.13,83.8,2.73,2.3,1.141,78.11,101.97,94.76
12.37,85.27,2.29,1.55,1.119,77.67,100.45,93.18
12.38,85.51,3.28,2.25,1.159,78.28,102.46,94.85
11.26,84.62,3.46,3.02,1.207,78.73,103.39,95.54
11.81,82.79,2.78,2.32,1.151,78.14,102.15,95.15
12.08,85.31,3.42,1.74,1.137,78.07,101.73,94.32
12.48,87.27,3.49,2.16,1.166,78.31,102.3,94.59
11.61,84.91,2.6,2.34,1.142,77.99,102.06,94.6
11.3,86.05,3.24,3.01,1.177,78.45,103.39,95.04
12.6,81.44,3.52,1.56,1.146,78.06,102.03,94.76
12.66,85.54,2.46,2.11,1.127,78.02,101.58,93.96
12.22,85.73,2.3,2.31,1.122,77.95,101.76,94.0
11.63,83.3,2.92,2.44,1.18,78.26,102.41,95.16
12.24,82.2,2.76,1.93,1.141,78.09,101.77,94.54
12.07,86.91,3.14,1.6,1.133,78.13,101.35,93.7
12.5,84.22,2.26,2.84,1.161,78.02,102.21,94.41
11.25,87.07,2.51,1.79,1.145,77.87,100.93,93.57
12.07,85.08,2.59,2.53,1.137,78.06,101.75,94.53
11.9,87.37,2.58,2.69,1.155,78.26,102.18,94.35
11.33,85.25,3.22,2.23,1.165,78.26,102.51,94.77
12.13,82.69,3.68,2.86,1.182,78.59,103.55,95.71
12.02,85.81,2.42,1.91,1.138,77.85,101.62,93.85
11.75,85.28,2.37,2.78,1.144,78.09,102.29,94.5
12.24,87.45,2.51,2.31,1.14,77.92,101.83,94.0
11.15,85.01,2.35,3.08,1.163,78.34,102.46,94.61
11.97,85.14,3.39,2.7,1.183,78.43,102.72,95.31
12.26,87.89,3.32,2.15,1.162,78.24,102.37,94.5
12.17,88.57,2.5,1.53,1.118,77.81,100.83,92.87
12.65,87.67,2.86,3.13,1.174,78.5,103.46,94.53
11.28,88.28,2.24,1.85,1.106,77.96,100.72,93.05
11.1,87.0,3.04,1.63,1.162,77.97,101.45,93.98
12.14,87.69,2.68,2.85,1.162,78.34,102.33,94.31
12.27,87.93,2.54,2.05,1.137,77.84,101.49,93.58
13.27,86.89,2.65,1.87,1.14,77.91,100.92,93.76
12.37,86.14,3.14,1.96,1.158,78.07,102.04,94.47
11.48,86.31,2.59,2.74,1.164,78.17,102.3,94.41
12.48,91.29,3.35,2.97,1.179,78.62,103.38,94.27
11.49,86.03,2.42,1.86,1.115,77.88,101.77,93.57
11.11,85.48,2.75,2.27,1.15,78.11,101.89,94.48
13.57,85.2,3.5,1.66,1.145,78.13,102.1,94.4
12.2,85.93,2.68,1.71,1.128,77.88,101.19,93.78
12.43,86.54,3.49,2.78,1.184,78.49,103.53,95.01
12.34,83.51,3.49,2.07,1.167,78.22,103.01,95.07
13.09,81.64,3.04,3.1,1.194,78.44,103.59,95.69
12.17,86.65,2.23,2.94,1.156,78.15,102.24,94.11
12.73,82.47,3.43,2.28,1.151,78.3,102.3,95.25
11.38,86.57,3.44,2.86,1.191,78.37,103.41,94.98
11.16,86.31,2.49,3.24,1.181,78.37,102.35,94.79
12.86,88.54,3.7,1.96,1.15,78.29,102.31,94.11
12.88,89.67,3.73,2.48,1.187,78.51,103.01,94.56
12.31,86.81,3.02,2.89,1.177,78.31,102.62,94.73
12.14,84.78,3.66,1.96,1.16,78.21,102.49,94.94
12.1,83.42,2.4,3.01,1.165,78.32,102.31,94.92
11.59,84.26,2.91,2.49,1.165,78.18,102.15,94.97
12.92,86.09,2.97,3.08,1.185,78.49,103.16,95.11
12.4,81.45,3.11,2.77,1.186,78.33,102.67,95.57
12.3,86.17,3.43,1.51,1.147,77.96,102.05,93.86
12.23,85.97,3.1,2.59,1.169,78.21,102.79,94.77
12.63,87.42,2.37,1.8,1.153,77.79,100.88,93.23
12.3,85.26,2.31,2.25,1.129,77.93,101.55,94.02
12.45,86.22,3.44,1.94,1.157,78.11,102.07,94.37
11.3,84.38,3.6,1.62,1.151,78.26,101.87,94.43
12.31,84.98,2.75,1.92,1.149,77.99,101.77,94.39
13.31,82.1,3.73,1.8,1.174,78.18,101.97,94.84
11.69,86.27,3.56,2.43,1.163,78.53,103.05,94.84
11.92,89.41,2.63,2.25,1.16,78.13,102.26,93.67
12.54,86.36,2.41,2.59,1.14,78.06,101.38,94.17
12.57,86.8,3.27,2.3,1.191,78.19,103.08,94.72
12.37,83.84,3.47,2.88,1.179,78.52,102.86,95.57
11.03,89.15,3.28,2.85,1.192,78.53,102.56,94.67
12.3,84.31,2.89,1.78,1.138,77.87,100.96,94.3
11.29,87.76,3.05,2.33,1.167,78.31,101.99,94.67
11.51,86.24,2.44,2.75,1.15,78.15,102.0,94.28
12.33,83.89,2.91,2.72,1.169,78.38,102.11,95.01
11.82,88.26,2.51,1.92,1.136,77.91,101.21,93.51
12.49,86.03,2.35,3.13,1.166,78.32,102.7,94.42
13.89,86.39,3.3,2.06,1.167,78.26,102.03,94.4
12.47,86.99,2.28,2.11,1.131,78.02,101.28,93.54
12.43,85.95,2.47,3.16,1.166,78.27,102.81,94.42
11.46,85.17,2.52,1.56,1.113,77.95,101.31,93.53
11.61,87.03,2.41,1.53,1.121,77.66,100.7,93.02
11.36,85.11,2.59,2.89,1.16,78.3,102.63,94.73
11.68,86.14,2.97,2.93,1.184,78.45,103.01,94.81
11.34,84.53,2.35,2.85,1.164,78.19,102.18,94.74
11.6,82.72,2.42,2.08,1.131,78.02,101.27,94.53
11.87,84.52,3.7,2.81,1.194,78.45,103.59,95.65
11.4,84.91,3.37,2.66,1.191,78.43,103.17,95.19
11.15,86.03,2.79,2.63,1.16,78.32,102.03,94.72
11.18,88.61,2.89,2.92,1.161,78.38,102.71,94.47
12.27,82.28,3.28,3.1,1.212,78.47,103.49,95.74
12.04,86.28,3.54,3.01,1.197,78.61,103.64,95.17
12.62,81.13,2.35,1.54,1.128,77.76,100.75,93.9
12.63,83.7,2.81,3.2,1.204,78.37,103.46,95.03
11.8,84.88,3.17,2.54,1.161,78.43,102.92,95.04
12.4,81.04,3.52,2.64,1.184,78.43,102.8,95.93
11.14,81.91,2.38,2.35,1.126,77.95,102.03,94.62
13.37,86.34,3.59,2.95,1.196,78.61,103.37,95.08
12.72,86.17,2.3,3.3,1.173,78.27,102.42,94.39
11.87,85.75,3.03,2.02,1.144,78.1,102.19,94.57
11.3,84.23,2.89,3.2,1.172,78.49,103.03,95.25
12.23,90.74,3.63,2.14,1.168,78.3,102.23,94.07
10.88,85.65,3.22,1.63,1.143,78.08,101.81,94.3
11.53,84.1,3.47,1.64,1.167,78.14,102.03,94.59
12.45,89.69,3.35,2.07,1.158,78.32,102.43,93.96
12.05,87.35,2.44,1.76,1.128,77.77,100.65,93.32
11.71,85.18,3.76,1.9,1.164,78.29,102.71,94.83
12.57,88.62,2.95,1.78,1.127,78.03,101.4,93.64
11.38,86.34,2.98,2.98,1.172,78.45,103.19,94.88
12.17,87.41,2.6,2.79,1.148,78.08,102.03,94.32
11.7,86.52,2.77,1.72,1.138,77.85,101.06,93.82
11.49,83.74,3.5,2.12,1.144,78.31,102.0,95.1
12.28,88.14,3.22,3.21,1.178,78.62,103.27,94.77
11.4,86.35,3.36,2.1,1.164,78.24,102.6,94.6
13.14,83.78,3.18,2.85,1.157,78.45,103.07,95.18
11.65,84.32,2.55,3.22,1.157,78.47,102.64,95.11
13.19,88.1,2.56,1.57,1.137,77.79,101.26,93.17
11.34,85.19,3.05,2.35,1.148,78.17,102.36,95.01
12.36,86.1,2.45,2.37,1.147,78.17,101.91,94.16
11.28,87.44,2.64,2.96,1.171,78.36,102.67,94.49
11.2,86.28,2.99,2.44,1.151,78.23,102.32,94.77
12.1,82.64,2.43,3.2,1.153,78.28,102.69,95.15
12.41,87.4,2.61,2.55,1.171,78.29,102.19,94.05
11.24,88.06,3.44,2.44,1.168,78.36,103.09,94.69
12.71,87.91,2.71,2.66,1.166,78.17,102.47,94.19
11.52,89.56,3.35,1.75,1.144,78.22,102.15,93.7
12.08,86.8,2.61,1.83,1.139,77.8,100.98,93.66
12.23,87.71,2.24,2.62,1.135,78.06,101.3,93.99
12.36,89.5,3.8,1.99,1.156,78.38,102.73,94.17
10.92,85.36,3.7,2.19,1.162,78.35,102.83,95.02
12.97,89.82,3.66,1.67,1.151,78.14,102.26,93.74
12.34,89.82,2.71,3.02,1.165,78.39,102.47,94.12
11.74,87.72,3.29,2.06,1.156,78.11,102.25,94.25
11.39,90.05,3.78,2.53,1.188,78.49,102.98,94.48
10.98,87.87,3.51,2.22,1.163,78.38,102.64,94.53
11.18,84.06,3.7,2.62,1.194,78.43,103.26,95.5
12.33,88.5,3.34,1.76,1.145,78.22,101.87,93.92
11.8,86.72,2.86,1.67,1.144,77.93,101.42,93.74
11.32,86.91,2.77,2.52,1.172,78.2,102.09,94.48
11.68,86.34,2.66,1.51,1.145,77.79,100.94,93.51
12.94,88.99,2.89,2.87,1.151,78.4,102.91,94.35
11.8,87.22,2.81,2.9,1.188,78.31,103.07,94.71
11.65,84.47,2.82,2.49,1.142,78.23,102.33,94.9
12.81,87.07,2.68,1.66,1.147,77.98,101.34,93.35
12.28,87.6,3.45,2.42,1.173,78.47,102.94,94.56
12.03,84.4,3.47,2.91,1.191,78.43,103.8,95.27
11.64,85.04,3.45,2.19,1.157,78.4,103.05,95.05
11.07,85.16,2.67,1.91,1.149,77.92,101.24,94.23
11.3,84.66,2.95,2.59,1.172,78.3,102.65,94.97
11.71,86.77,3.37,2.52,1.168,78.39,102.9,94.76
11.87,88.24,2.66,2.55,1.151,78.2,102.54,94.21
12.21,90.16,2.65,3.07,1.18,78.31,102.1,94.03
12.33,88.63,2.56,2.24,1.156,78.09,101.52,93.82
12.13,88.25,2.56,1.89,1.144,78.0,100.84,93.43
12.13,88.52,3.42,1.86,1.153,78.13,102.48,93.91
11.4,88.94,2.71,1.58,1.131,77.86,101.15,93.32
10.71,85.17,2.8,3.16,1.187,78.49,103.15,94.97
11.69,87.53,2.57,1.96,1.146,78.03,101.46,93.73
11.43,86.71,3.09,1.89,1.16,78.11,101.89,94.34
11.61,85.72,2.4,2.31,1.145,78.04,101.69,93.99
11.84,85.0,2.88,3.28,1.176,78.53,103.09,95.19
11.25,84.89,3.78,1.61,1.161,78.17,101.68,94.43
11.33,85.41,3.73,2.66,1.191,78.57,103.44,95.29
11.94,83.28,2.95,2.29,1.152,78.16,102.12,95.05
12.07,87.15,3.57,1.73,1.161,78.15,101.98,94.01
11.61,85.95,2.84,1.68,1.129,77.75,101.16,93.66
12.3,86.23,2.84,2.94,1.175,78.22,103.1,94.97
11.87,86.75,3.53,1.75,1.15,78.2,101.92,94.19
11.39,87.59,2.6,2.76,1.182,78.29,102.05,94.43
12.02,84.7,2.48,1.59,1.137,77.83,101.02,93.71
13.13,85.77,3.59,1.54,1.154,78.12,102.3,94.05
11.6,82.46,3.63,2.58,1.168,78.46,102.82,95.73
12.7,81.12,2.83,2.04,1.135,78.1,101.47,95.1
12.83,81.73,2.83,3.11,1.184,78.39,102.69,95.68
12.9,89.38,3.13,1.76,1.145,78.05,101.8,93.62
11.51,81.98,3.1,2.06,1.157,78.26,102.17,95.28
13.21,87.04,3.64,1.79,1.144,78.11,102.62,94.16
12.07,89.25,2.99,1.54,1.122,77.89,101.3,93.19
11.85,84.99,2.62,2.78,1.163,78.23,102.29,94.77
11.86,89.59,3.18,3.15,1.185,78.39,103.21,94.59
12.36,90.06,2.45,2.34,1.132,77.95,101.96,93.57
12.03,88.08,2.36,2.75,1.147,78.24,101.91,94.18
11.89,91.22,2.37,3.16,1.175,78.34,102.33,93.71
12.77,87.37,2.98,2.47,1.158,78.24,102.31,94.48
11.57,84.4,2.79,2.22,1.157,78.21,101.88,94.89
11.37,87.15,3.6,2.87,1.205,78.49,103.55,95.09
12.48,85.03,2.82,2.97,1.176,78.52,102.62,95.0
12.42,83.14,2.81,1.64,1.137,77.91,101.69,94.26
12.66,83.2,2.57,2.26,1.141,78.0,102.2,94.63
11.36,91.1,2.91,1.82,1.155,78.09,101.26,93.19
12.65,84.82,3.33,1.93,1.142,78.21,102.14,94.63
12.29,85.96,3.24,2.45,1.157,78.34,102.35,94.83
13.06,84.55,3.24,3.11,1.187,78.53,103.29,95.23
11.25,86.32,3.34,2.61,1.161,78.26,102.57,95.0
12.13,85.49,3.29,2.43,1.179,78.16,102.57,94.94
11.83,85.12,2.45,1.78,1.124,77.85,101.11,93.72
11.05,83.36,2.9,3.16,1.185,78.53,103.12,95.24
11.57,82.91,2.43,1.93,1.131,77.83,100.84,94.29
12.68,84.39,3.07,1.8,1.144,78.05,101.18,94.57
11.72,86.67,2.25,2.09,1.134,77.78,100.72,93.75
11.57,90.6,2.5,3.09,1.149,78.2,102.91,93.98
12.52,88.35,3.03,2.41,1.151,78.24,102.3,94.32
12.59,90.04,3.18,2.39,1.161,78.33,102.5,94.22
12.59,87.1,2.58,2.82,1.185,78.3,102.73,94.3
11.53,85.84,3.38,3.14,1.199,78.69,103.28,95.21
11.97,83.12,2.98,1.74,1.149,77.93,101.63,94.54
12.62,86.04,3.74,1.53,1.145,78.14,101.89,93.89
11.61,81.32,2.45,2.77,1.167,78.25,102.22,95.2
11.55,85.38,3.15,2.0,1.166,78.06,101.52,94.6
12.5,89.62,2.25,2.82,1.162,78.12,101.93,93.77
12.94,86.76,3.23,1.71,1.174,78.06,101.73,93.9
11.31,88.52,2.5,2.59,1.14,78.14,102.04,94.06
10.44,85.2,2.87,2.61,1.153,78.33,102.05,94.87
11.13,83.02,2.39,3.12,1.163,78.32,102.44,94.93
11.39,84.99,2.67,2.65,1.15,78.18,102.49,94.51
11.92,85.17,2.57,1.82,1.135,77.72,101.19,93.86
12.37,88.7,3.73,1.96,1.172,78.36,102.77,94.32
11.91,90.39,3.09,2.51,1.166,78.37,102.7,94.18
11.58,84.42,2.25,2.89,1.157,78.21,102.16,94.52
12.09,85.26,3.29,2.55,1.177,78.4,102.69,95.31
11.42,85.73,3.5,2.35,1.18,78.4,102.78,95.04
11.97,85.28,2.81,2.83,1.162,78.41,102.37,94.78
11.62,83.31,2.99,2.59,1.16,78.25,102.69,95.23
13.61,86.26,2.44,1.86,1.144,77.87,101.21,93.6
12.49,86.85,2.49,2.94,1.16,78.18,102.72,94.53
11.5,86.9,3.08,2.91,1.169,78.41,103.56,94.79
11.4,83.4,2.39,2.09,1.14,77.88,101.55,94.41
11.74,85.8,3.7,2.03,1.165,78.25,102.75,94.86
11.01,82.23,2.45,2.28,1.145,77.87,101.66,94.72
11.56,88.07,2.25,2.65,1.149,78.08,102.05,93.84
11.56,83.81,3.54,2.97,1.197,78.67,103.87,95.4
12.53,85.45,3.67,2.66,1.194,78.28,103.22,95.23
11.74,85.07,3.56,2.22,1.162,78.44,102.35,94.79
11.53,84.78,3.15,2.49,1.155,78.3,102.21,95.02
11.2,83.73,2.91,2.31,1.172,78.11,102.36,95.14
11.29,82.17,3.33,1.77,1.145,78.14,102.04,94.96
11.96,89.87,3.53,2.78,1.169,78.5,103.42,94.55
11.87,86.63,2.52,2.13,1.123,77.98,101.08,94.02
12.68,86.65,3.55,2.26,1.17,78.46,102.56,94.94
11.62,90.68,3.56,2.22,1.163,78.35,102.27,94.16
12.64,85.84,3.79,2.2,1.157,78.43,102.59,94.99
12.15,87.28,3.77,2.19,1.165,78.37,102.71,94.63
12.0,86.11,2.87,1.81,1.131,77.97,101.33,94.0
10.8,88.68,3.46,1.64,1.161,78.04,102.31,93.67
11.23,87.17,3.45,2.4,1.175,78.35,102.44,94.76
12.44,86.76,3.58,2.62,1.181,78.41,102.99,94.89
12.84,85.51,3.72,2.43,1.167,78.54,102.87,95.17
12.12,86.68,2.56,3.16,1.17,78.34,102.75,94.61
12.46,88.63,3.16,1.97,1.16,78.19,102.17,93.97
11.76,81.5,2.23,2.96,1.159,78.29,101.96,94.91
11.78,85.79,3.26,2.29,1.175,78.35,102.02,94.53
11.6,85.15,3.02,2.92,1.177,78.36,102.82,95.06
12.58,85.41,2.57,1.54,1.133,77.93,100.98,93.5
12.21,81.72,2.35,3.28,1.174,78.18,102.38,95.2
11.86,87.68,2.53,3.26,1.168,78.49,103.07,94.09
11.8,84.21,2.24,2.71,1.164,77.91,101.63,94.22
12.33,85.57,3.04,2.39,1.165,78.17,102.17,94.79
12.19,84.96,2.2,2.52,1.153,78.02,101.52,94.06
11.5,82.4,3.19,3.0,1.172,78.43,103.68,95.66
13.03,85.09,3.53,2.96,1.179,78.41,103.69,95.27
12.15,82.02,2.29,3.08,1.161,78.13,102.46,95.03
12.01,84.0,3.04,3.06,1.172,78.48,102.85,95.15
12.89,85.38,3.65,1.65,1.162,78.03,101.82,94.22
12.61,86.06,2.86,2.41,1.162,78.24,101.99,94.66
11.95,86.19,3.16,3.19,1.199,78.64,103.79,95.11
12.32,85.77,2.26,2.58,1.154,78.17,102.09,94.05
11.36,90.78,2.99,1.74,1.131,78.02,101.57,93.35
11.62,87.03,3.3,2.81,1.189,78.45,102.9,94.95
10.64,83.39,2.38,1.69,1.119,77.77,100.41,93.83
12.73,84.73,2.98,3.22,1.176,78.72,103.11,95.25
10.86,84.63,3.53,2.7,1.183,78.58,103.32,95.47
12.41,85.68,2.83,3.21,1.18,78.5,103.21,94.92
11.5,84.75,2.96,1.75,1.152,78.02,101.62,94.35
11.41,84.19,3.16,1.67,1.173,78.11,101.45,94.24
11.88,89.7,3.58,2.41,1.18,78.25,103.04,94.47
12.16,86.17,3.38,3.03,1.203,78.62,103.38,95.13
12.37,85.33,3.46,2.92,1.185,78.5,103.6,95.18
13.06,85.52,3.46,2.19,1.17,78.11,102.6,94.74
12.22,85.6,2.25,1.96,1.125,77.93,101.23,93.78
12.53,89.14,3.24,2.07,1.154,78.13,102.26,93.99
11.64,87.13,3.78,2.07,1.184,78.38,102.6,94.57
12.43,88.55,3.33,1.72,1.155,78.04,102.17,93.71
12.09,79.21,2.93,2.94,1.179,78.36,102.59,95.91
11.72,86.79,3.66,1.63,1.148,78.29,102.26,94.18
11.94,88.41,2.24,2.96,1.175,78.21,102.07,94.08
11.96,90.42,2.27,2.72,1.15,78.14,101.84,93.62
12.11,86.14,3.78,1.65,1.153,78.08,102.31,94.29
12.24,82.3,3.39,1.7,1.151,78.18,101.77,94.86
11.69,87.37,3.13,2.12,1.163,78.12,101.87,94.32
11.56,84.76,3.09,2.86,1.184,78.45,102.7,95.16
12.45,82.13,2.51,2.04,1.154,77.87,101.11,94.47
10.98,84.72,2.38,2.23,1.131,78.01,101.5,94.44
11.63,88.4,2.33,1.55,1.116,77.78,100.73,92.77
12.93,88.72,3.37,2.77,1.196,78.35,103.09,94.54
10.38,87.67,2.25,2.68,1.173,78.12,101.46,93.9
11.58,83.77,3.28,2.12,1.154,78.14,102.3,95.03
12.41,91.62,2.67,1.91,1.138,78.06,101.66,93.04
11.01,83.51,3.16,1.74,1.131,78.08,101.43,94.6
13.56,85.91,3.08,2.23,1.15,78.2,101.96,94.58
10.45,82.9,3.02,2.87,1.166,78.63,103.09,95.65
12.86,88.98,2.56,2.06,1.14,78.04,101.43,93.43
12.93,87.06,2.97,2.09,1.14,78.08,102.19,94.24
12.55,88.04,3.29,1.76,1.16,78.16,101.78,93.81
11.87,86.28,2.4,2.38,1.145,78.06,101.31,94.08
12.21,85.93,2.75,2.12,1.145,78.16,101.72,94.46
11.46,86.47,2.52,2.47,1.16,78.03,101.88,94.36
12.49,81.93,3.48,1.93,1.157,78.37,102.33,95.11
11.33,88.27,3.45,2.85,1.172,78.48,103.07,94.87
11.84,88.1,3.21,3.1,1.186,78.5,103.2,94.79
12.6,85.22,3.16,2.94,1.202,78.4,103.61,95.25
11.33,86.06,3.12,2.02,1.155,78.11,101.86,94.44
11.78,86.75,3.17,2.8,1.182,78.56,103.34,94.94
12.1,89.54,3.35,2.22,1.163,78.28,102.17,94.16
11.19,87.04,3.4,2.1,1.16,78.16,102.43,94.54
12.7,86.18,2.4,3.22,1.174,78.32,102.74,94.43
12.2,84.97,3.67,2.26,1.147,78.4,103.05,95.0
11.09,82.78,3.08,1.53,1.126,78.03,101.39,94.36
11.97,84.78,3.72,2.14,1.166,78.33,102.58,95.11
11.53,86.25,3.18,1.74,1.144,78.07,101.76,94.08
11.61,85.54,2.42,2.56,1.166,78.34,101.52,94.35
12.05,86.26,3.32,2.6,1.199,78.38,102.23,94.98
11.57,87.74,3.17,1.99,1.16,78.15,101.62,94.12
12.58,87.05,2.79,2.63,1.166,78.15,102.75,94.57
11.58,86.7,2.42,2.04,1.144,78.0,101.52,93.88
12.59,87.54,2.47,1.56,1.14,77.74,101.28,92.84
11.97,86.51,2.92,2.17,1.143,78.27,102.09,94.33
12.51,86.03,3.1,2.22,1.153,78.29,101.82,94.48
11.68,87.13,2.32,3.05,1.164,78.31,102.11,94.28
11.7,82.3,2.26,1.54,1.122,77.67,100.65,93.77
11.31,88.86,2.24,2.92,1.138,78.15,101.92,93.69
12.35,83.27,2.79,3.2,1.183,78.41,102.77,95.22
12.56,87.94,2.71,2.24,1.133,78.09,101.55,94.01
13.27,86.13,3.32,3.21,1.199,78.57,103.36,95.08
12.77,88.54,3.66,2.18,1.18,78.31,102.24,94.46
12.15,86.18,3.29,1.61,1.124,78.05,101.8,94.08
11.87,84.03,3.12,2.66,1.176,78.35,102.54,95.3
12.23,88.47,2.64,2.68,1.162,78.19,102.59,94.28
11.98,86.51,2.69,2.88,1.161,78.37,102.96,94.71
12.88,86.37,2.31,2.44,1.155,78.12,101.64,93.99
12.57,86.29,3.72,2.63,1.205,78.48,103.57,95.04
11.5,88.31,3.42,2.95,1.192,78.71,103.64,94.76
11.59,87.91,3.38,2.42,1.16,78.38,102.76,94.71
12.82,86.62,3.46,2.92,1.173,78.64,103.33,95.13
12.18,82.7,3.58,1.51,1.139,78.25,102.2,94.61
11.86,85.22,2.26,2.34,1.131,77.87,101.65,94.06
12.71,86.35,3.35,2.25,1.177,78.32,102.45,94.65
11.77,90.06,2.81,1.54,1.135,77.95,101.0,93.0
11.83,86.96,3.17,3.22,1.188,78.65,103.42,95.11
11.72,85.91,3.19,1.94,1.162,78.19,102.21,94.47
10.82,88.75,3.22,2.17,1.16,78.29,102.43,94.29
12.52,85.87,2.79,1.6,1.134,77.77,101.02,93.61
11.27,86.06,3.34,1.5,1.136,77.95,101.59,93.95
11.66,86.46,3.54,1.51,1.144,78.13,101.88,93.97
11.55,82.82,3.45,2.13,1.165,78.11,102.35,95.15
12.44,88.22,2.76,2.38,1.143,78.1,102.02,94.31
11.96,87.06,2.5,1.87,1.15,77.88,100.94,93.54
12.01,85.5,3.34,3.14,1.191,78.61,103.29,95.37
10.99,83.61,2.42,2.0,1.13,77.99,101.33,94.27
11.95,86.59,3.77,2.74,1.199,78.59,103.54,95.14
11.11,89.2,3.67,2.19,1.161,78.29,102.67,94.31
12.18,84.71,3.43,2.78,1.193,78.41,103.73,95.26
12.22,83.79,3.39,2.36,1.17,78.36,102.61,95.29
11.99,87.05,2.67,2.16,1.165,78.09,101.87,94.07
13.23,82.61,2.43,1.64,1.12,77.83,100.93,93.87
12.32,81.24,2.81,3.04,1.17,78.4,102.73,95.68
12.36,85.14,2.73,2.51,1.149,78.19,102.33,94.75
12.09,84.6,3.52,1.69,1.142,78.03,102.3,94.47
11.88,85.51,2.79,2.17,1.152,78.08,101.83,94.48
12.58,84.91,3.34,3.13,1.179,78.64,103.61,95.51
12.66,86.86,2.21,2.48,1.147,77.93,102.31,93.81
11.22,85.64,2.2,2.04,1.125,77.9,100.86,93.78
12.63,84.81,2.84,2.01,1.157,78.1,101.64,94.46
12.31,85.12,2.86,2.15,1.125,78.28,102.02,94.4
12.58,87.52,3.0,1.95,1.153,78.07,101.79,93.84
12.28,88.24,2.82,1.89,1.143,77.98,101.34,93.76
11.25,88.12,2.87,2.77,1.168,78.22,102.49,94.59
11.3,87.66,2.25,3.3,1.161,78.22,102.52,94.13
13.09,78.87,2.44,2.93,1.179,78.11,102.27,95.5
12.15,83.92,2.66,1.63,1.127,77.72,101.09,93.89
11.15,85.44,3.46,2.52,1.18,78.46,103.31,95.22
12.21,86.58,2.62,2.18,1.143,78.04,101.73,94.11
11.78,82.57,3.58,2.77,1.182,78.55,103.23,95.58
10.89,89.26,2.65,1.93,1.14,77.83,101.58,93.61
10.63,86.8,3.11,1.72,1.151,77.87,101.8,94.05
11.04,84.76,2.57,2.95,1.155,78.14,102.23,94.89
12.16,86.49,3.36,1.55,1.141,78.17,101.54,93.98
11.97,85.37,2.92,2.22,1.14,78.23,101.74,94.74
11.85,84.46,3.38,2.27,1.171,78.19,102.63,95.12
12.17,87.24,2.56,3.01,1.159,78.31,102.79,94.4
12.36,85.13,2.51,2.67,1.149,78.18,102.06,94.35
10.74,83.03,2.65,2.61,1.165,78.12,102.51,95.12
11.82,84.74,2.48,3.08,1.167,78.25,102.41,94.75
11.5,85.88,2.79,2.72,1.169,78.35,102.39,94.9
11.26,83.76,3.4,2.34,1.168,78.39,102.63,95.39
11.67,88.91,3.06,1.71,1.147,78.08,101.63,93.65
11.93,83.74,3.07,2.46,1.165,78.29,102.86,95.28
11.84,90.0,3.63,2.13,1.158,78.34,102.37,94.15
11.13,88.1,2.44,2.23,1.145,78.04,101.69,93.8
11.71,84.06,3.46,1.52,1.144,78.05,101.79,94.2
13.21,86.42,2.26,3.3,1.165,78.44,102.88,94.19
11.37,88.74,3.09,2.79,1.177,78.41,102.52,94.57
10.99,85.72,2.95,1.85,1.139,78.07,101.34,94.36
